z,Surv,z1,Repr,Sex,Recr,Rcsz,yr
1.7784582439370853,0,,,,,,161
1.7988233491209495,1,2.492344979769615,0.0,,,,161
1.8457297650041835,0,,,,,,161
1.8674726694727284,0,,,,,,161
1.9392236517897183,0,,,,,,161
1.966928351098425,0,,,,,,161
1.982903166968222,0,,,,,,161
1.9903437091047769,0,,,,,,161
2.0043056285242224,0,,,,,,161
2.0240657187388282,0,,,,,,161
2.026412500952539,0,,,,,,161
2.031021634128997,0,,,,,,161
2.037610143027126,0,,,,,,161
2.0385198866066183,0,,,,,,161
2.0392363168626724,0,,,,,,161
2.0607855465114535,0,,,,,,161
2.0638811670193213,1,2.5456082743813786,0.0,,,,161
2.06607135267133,0,,,,,,161
2.0736578560541394,0,,,,,,161
2.0744815605690747,1,2.448564373138183,0.0,,,,161
2.091260005406599,0,,,,,,161
2.092622569328893,1,2.5623449592748493,0.0,,,,161
2.093358311877448,0,,,,,,161
2.095975351750581,0,,,,,,161
2.1069797269155197,0,,,,,,161
2.1108016510057923,0,,,,,,161
2.115366644959173,1,2.5451009537410627,0.0,,,,161
2.1328463866943954,0,,,,,,161
2.1389513271219696,0,,,,,,161
2.1506085140699045,0,,,,,,161
2.1627049390229653,0,,,,,,161
2.1633636773871263,1,2.482961701157447,1.0,1.0,1.0,2.0967720887865555,161
2.1641649626113457,1,2.5738590876799012,0.0,,,,161
2.165573644142883,0,,,,,,161
2.170812681036724,0,,,,,,161
2.174864553450354,0,,,,,,161
2.1750292177849255,0,,,,,,161
2.1770986829965464,0,,,,,,161
2.1796157258198186,0,,,,,,161
2.1844971575589986,0,,,,,,161
2.18631213261975,0,,,,,,161
2.1867529615252077,1,2.763881482453852,1.0,0.0,,,161
2.189220966588941,0,,,,,,161
2.196356535098633,0,,,,,,161
2.1965151793318234,0,,,,,,161
2.1976722226198864,0,,,,,,161
2.214185945391364,0,,,,,,161
2.216536316221774,0,,,,,,161
2.218083638435955,0,,,,,,161
2.2229603973067658,1,2.685257241327152,0.0,,,,161
2.2230997119429556,0,,,,,,161
2.234561366592534,0,,,,,,161
2.235014801337062,0,,,,,,161
2.237079873105696,0,,,,,,161
2.2372968370281496,0,,,,,,161
2.2378788330467314,0,,,,,,161
2.242051351778621,0,,,,,,161
2.2466996162335993,0,,,,,,161
2.2491963971001634,1,2.575965803167546,1.0,0.0,,,161
2.2498144596452243,0,,,,,,161
2.2511747634380987,0,,,,,,161
2.2550824162175593,0,,,,,,161
2.256278232553144,0,,,,,,161
2.258938011272444,0,,,,,,161
2.2612753801369867,1,2.8175666793416267,1.0,1.0,0.0,,161
2.2655123529047807,0,,,,,,161
2.2679998446072562,0,,,,,,161
2.2681162457664508,0,,,,,,161
2.2698784861343517,0,,,,,,161
2.2705035002404332,1,2.566256218476608,0.0,,,,161
2.2707253106963927,1,2.637910081220944,0.0,,,,161
2.2720551918943563,0,,,,,,161
2.2749007337893254,1,2.591719125324881,1.0,1.0,1.0,2.047723963159728,161
2.277769114789534,0,,,,,,161
2.2788303269483183,1,2.7048826928127,1.0,0.0,,,161
2.278967251223969,0,,,,,,161
2.2813015584877046,0,,,,,,161
2.2826014623060433,0,,,,,,161
2.283503899580408,1,2.6175149111493194,1.0,0.0,,,161
2.2859233349480417,0,,,,,,161
2.2891075674171693,0,,,,,,161
2.291131351909125,0,,,,,,161
2.2923598616551377,0,,,,,,161
2.2935759294932208,0,,,,,,161
2.2963125438108896,1,2.6393227142201163,0.0,,,,161
2.296817006504559,0,,,,,,161
2.2969348348172605,1,2.8767435237416144,0.0,,,,161
2.2984175697285285,1,2.838147558518652,1.0,0.0,,,161
2.3000323319239446,0,,,,,,161
2.3039505629651478,1,2.638659370064083,0.0,,,,161
2.305418869771365,0,,,,,,161
2.305730975818407,0,,,,,,161
2.306748007168793,0,,,,,,161
2.3082849271052543,0,,,,,,161
2.3104531554708374,0,,,,,,161
2.313396206508765,0,,,,,,161
2.3154888207478352,0,,,,,,161
2.3164698951051754,0,,,,,,161
2.3193409698845686,1,2.6864968081993044,0.0,,,,161
2.3222364475472244,0,,,,,,161
2.3232706059638453,0,,,,,,161
2.3235251707913656,1,2.7372888866102123,0.0,,,,161
2.323766398541676,0,,,,,,161
2.3254181837011454,1,2.59150989331072,0.0,,,,161
2.3258494902918403,0,,,,,,161
2.3292339012604666,0,,,,,,161
2.3300367520477843,1,2.8168376717733157,1.0,0.0,,,161
2.332023969945306,1,2.623672248062436,0.0,,,,161
2.336407499913923,0,,,,,,161
2.3372450015867186,0,,,,,,161
2.3376400335380527,0,,,,,,161
2.338866114127946,0,,,,,,161
2.340981181004265,0,,,,,,161
2.34117601021324,0,,,,,,161
2.34122557099396,0,,,,,,161
2.3433750882851196,0,,,,,,161
2.3464872133894996,0,,,,,,161
2.346951526005535,0,,,,,,161
2.3478305985296397,0,,,,,,161
2.3478890088721682,1,2.6276786137216055,0.0,,,,161
2.349194409249315,0,,,,,,161
2.3505870269202545,0,,,,,,161
2.3510835454965284,1,2.7628145320292337,1.0,0.0,,,161
2.3522526827868773,1,2.776735656664441,0.0,,,,161
2.3525463583256796,1,2.638170363183874,1.0,0.0,,,161
2.353503731216683,0,,,,,,161
2.3540559500824005,1,2.6073023840912857,0.0,,,,161
2.3541354383329933,0,,,,,,161
2.355604849528152,1,2.7761180577798816,0.0,,,,161
2.355703661840362,0,,,,,,161
2.356015121007016,0,,,,,,161
2.3578726856408,0,,,,,,161
2.359351287381955,1,2.74129959713166,0.0,,,,161
2.359755113430806,0,,,,,,161
2.360011286811553,0,,,,,,161
2.3603970156447973,1,2.711268125267811,0.0,,,,161
2.361229807819799,0,,,,,,161
2.3631667482225125,1,2.6532553383419852,0.0,,,,161
2.363822107209574,1,2.71820936496038,0.0,,,,161
2.365111074384409,0,,,,,,161
2.366099809510707,0,,,,,,161
2.370737019572152,1,2.787815266862933,0.0,,,,161
2.370945055403888,0,,,,,,161
2.3713919299442816,1,2.5988873495426126,0.0,,,,161
2.373789288713306,0,,,,,,161
2.37446520355228,0,,,,,,161
2.3751113394199894,1,2.841317658025859,0.0,,,,161
2.3756565557318425,0,,,,,,161
2.3759625545782503,1,2.6948679724535296,0.0,,,,161
2.376688746193194,1,2.7465352180675744,1.0,1.0,1.0,2.196064857068949,161
2.378476794676409,1,2.702001346519874,1.0,0.0,,,161
2.3805909246476644,0,,,,,,161
2.3813624114457905,0,,,,,,161
2.3818576205972413,0,,,,,,161
2.383156255872564,0,,,,,,161
2.3833165151096014,1,2.8060156914382874,0.0,,,,161
2.384399952727557,0,,,,,,161
2.3845686761070657,0,,,,,,161
2.3853139809708788,1,2.7237958403341156,1.0,1.0,0.0,,161
2.385724900982577,1,2.862479036042142,1.0,0.0,,,161
2.387101354562621,0,,,,,,161
2.3915813185649766,0,,,,,,161
2.3928101769190206,0,,,,,,161
2.3956641135570127,0,,,,,,161
2.395739445451002,0,,,,,,161
2.3995928490738563,0,,,,,,161
2.400031556973994,1,2.7287321276986787,0.0,,,,161
2.4011576300482114,1,2.5892849774598474,1.0,0.0,,,161
2.402441870243666,0,,,,,,161
2.403552194960778,0,,,,,,161
2.4041021913233944,1,2.7396783957459134,0.0,,,,161
2.4041352431614467,0,,,,,,161
2.4044184111345555,0,,,,,,161
2.406019830855004,0,,,,,,161
2.4070465758209125,1,2.6297200182788685,0.0,,,,161
2.4071800150852534,1,2.7788488651402528,0.0,,,,161
2.4082648303281204,0,,,,,,161
2.411414706550916,1,2.735472562486647,0.0,,,,161
2.4134926148183706,1,2.768398165039631,1.0,1.0,1.0,2.18938600573954,161
2.4138246487418025,1,2.7708840835575534,0.0,,,,161
2.414368786453013,0,,,,,,161
2.4150604309897843,1,2.5763231817893484,1.0,0.0,,,161
2.4165585870675725,0,,,,,,161
2.416665585125074,0,,,,,,161
2.417506593096664,1,2.762582109175062,0.0,,,,161
2.419862587061098,0,,,,,,161
2.4200776088468956,0,,,,,,161
2.4226515679079332,0,,,,,,161
2.424774386592995,0,,,,,,161
2.4257563213855446,1,2.845966120219064,0.0,,,,161
2.4288314575457126,0,,,,,,161
2.429073618779943,0,,,,,,161
2.432852511616852,1,2.5789164520505246,0.0,,,,161
2.4329538017791266,0,,,,,,161
2.4333123563764105,0,,,,,,161
2.43411471526217,0,,,,,,161
2.434877576878922,1,2.7026919446234654,0.0,,,,161
2.4351113499797963,0,,,,,,161
2.4359197736059808,1,2.827633438368371,0.0,,,,161
2.4372634724844984,0,,,,,,161
2.438119889928294,0,,,,,,161
2.4396101786200686,0,,,,,,161
2.4406312432237156,0,,,,,,161
2.4419216470498526,0,,,,,,161
2.44409632154992,0,,,,,,161
2.4454069390916944,0,,,,,,161
2.4460194627638554,0,,,,,,161
2.447572688501544,1,2.7318554639359407,0.0,,,,161
2.4483318492662223,1,2.8440961950852097,0.0,,,,161
2.4498658663054633,0,,,,,,161
2.4505337547863544,1,2.794238736091918,1.0,0.0,,,161
2.450671375074793,1,2.741838332894612,1.0,1.0,1.0,2.118453100348188,161
2.4510494129146623,0,,,,,,161
2.4516811396871048,1,2.8920758127563704,0.0,,,,161
2.4540652295011296,1,2.903355283840611,1.0,0.0,,,161
2.454558357307041,0,,,,,,161
2.4550020841519684,1,2.7541565629000986,1.0,1.0,1.0,2.192378795183578,161
2.456093675597746,0,,,,,,161
2.4565919613735723,1,2.7668410695365537,0.0,,,,161
2.4574025254032157,1,2.7511860936997805,1.0,1.0,1.0,1.9660233512475107,161
2.4575576495228812,1,2.8100757914290893,1.0,1.0,1.0,2.163504161236818,161
2.4582290553613215,0,,,,,,161
2.4583374485856186,0,,,,,,161
2.458346698421218,1,2.8425764394221016,0.0,,,,161
2.459619522022896,0,,,,,,161
2.461039334572863,0,,,,,,161
2.463182123339436,1,2.784805165198515,0.0,,,,161
2.463261276888323,0,,,,,,161
2.4633016229391047,0,,,,,,161
2.4649531868404377,0,,,,,,161
2.4654627248236016,0,,,,,,161
2.4682888191576815,0,,,,,,161
2.4686995813185177,1,2.7181514811745497,0.0,,,,161
2.4691616207434395,1,2.7775457825582888,0.0,,,,161
2.469461599156211,0,,,,,,161
2.4704377829980806,0,,,,,,161
2.4705470626374324,0,,,,,,161
2.4728704058047115,1,2.8854806949508847,0.0,,,,161
2.4729198184620933,0,,,,,,161
2.47431262859693,0,,,,,,161
2.4747682520204406,0,,,,,,161
2.4749538520517977,1,2.7906944686300177,0.0,,,,161
2.4755953527397025,0,,,,,,161
2.4770742327247297,0,,,,,,161
2.4770867654228446,0,,,,,,161
2.4772047360105955,1,2.678720605631419,1.0,1.0,1.0,2.228803109989304,161
2.4793619341832738,0,,,,,,161
2.4815519319657966,0,,,,,,161
2.4816037523460595,1,2.807580190010185,1.0,0.0,,,161
2.482676574959433,0,,,,,,161
2.484519187243751,0,,,,,,161
2.4862024579539765,0,,,,,,161
2.4863526238620786,0,,,,,,161
2.486458124645212,1,3.0364242195140605,0.0,,,,161
2.4866175970210653,1,2.881079400463849,1.0,0.0,,,161
2.4867528423366925,0,,,,,,161
2.4875638771992583,0,,,,,,161
2.4887327657700884,1,2.845882034349564,0.0,,,,161
2.4893949319676696,1,2.932359168677982,1.0,0.0,,,161
2.489559245028713,0,,,,,,161
2.4899969109233644,1,2.7873356841761185,0.0,,,,161
2.490299065542357,1,2.7882063457939488,0.0,,,,161
2.4907983450741766,1,2.8571543730562663,1.0,0.0,,,161
2.4910437845911106,1,2.8446039495646342,0.0,,,,161
2.4914782835380604,0,,,,,,161
2.4918261179370367,0,,,,,,161
2.4923743491992796,0,,,,,,161
2.493083754418465,0,,,,,,161
2.496943883748348,1,2.729279107102926,0.0,,,,161
2.4981008475752517,0,,,,,,161
2.4981599766297515,1,2.895893985076141,1.0,1.0,1.0,2.0398427568223956,161
2.498516240005241,0,,,,,,161
2.5003242229347618,1,2.855135644105879,0.0,,,,161
2.501051777766202,1,2.793216404853443,0.0,,,,161
2.501648603799933,1,2.753619725200874,0.0,,,,161
2.5077741054997404,0,,,,,,161
2.5082391528575556,1,2.772484967164005,1.0,1.0,1.0,2.2126921603643765,161
2.508617371337394,0,,,,,,161
2.509352028605859,0,,,,,,161
2.509520129816319,0,,,,,,161
2.511168800496332,1,2.779820522344307,0.0,,,,161
2.51147148336685,1,2.8584700149968825,0.0,,,,161
2.5131675133104707,1,2.831038008010331,0.0,,,,161
2.513440522908539,0,,,,,,161
2.515836381138364,1,2.722264592527099,1.0,0.0,,,161
2.515945222423425,0,,,,,,161
2.5163373293316806,1,2.7736727792686278,0.0,,,,161
2.5177800358277294,0,,,,,,161
2.5188983802572373,0,,,,,,161
2.5203935052953383,1,2.899027306038442,1.0,1.0,1.0,1.9231294381842092,161
2.5216849247337314,0,,,,,,161
2.522471393799039,0,,,,,,161
2.5228625628307197,1,2.8209577892357536,0.0,,,,161
2.5230225405196918,0,,,,,,161
2.523852413683508,1,2.893822120118049,0.0,,,,161
2.524385864133182,1,2.777018243440981,1.0,0.0,,,161
2.525476189638551,1,2.644823204220463,0.0,,,,161
2.527079238108688,1,2.845847866752057,0.0,,,,161
2.527611120327967,1,2.849261228219669,1.0,0.0,,,161
2.5283123443545565,0,,,,,,161
2.529257258946741,1,2.7936684635832547,1.0,1.0,0.0,,161
2.5301591714060714,0,,,,,,161
2.530813251768016,0,,,,,,161
2.5311867428426122,0,,,,,,161
2.532536603292878,0,,,,,,161
2.5330968279849784,0,,,,,,161
2.5350167993873756,0,,,,,,161
2.5351692078984835,0,,,,,,161
2.535388688451811,0,,,,,,161
2.5357551129677542,0,,,,,,161
2.536917483829524,1,2.9454175583507265,0.0,,,,161
2.5380026662758395,0,,,,,,161
2.538065898626641,1,2.9781884454866003,1.0,1.0,1.0,2.3062839473365835,161
2.5392295892117613,0,,,,,,161
2.539294589854705,0,,,,,,161
2.539392955193639,0,,,,,,161
2.539702307736451,0,,,,,,161
2.5400504129809627,1,2.8453000755324074,0.0,,,,161
2.5415438166035744,1,2.7103131242810643,0.0,,,,161
2.54260833429599,1,2.924773927889874,1.0,1.0,1.0,2.2597601961809364,161
2.544960127598234,1,2.9357558352299744,1.0,1.0,1.0,2.291255973378809,161
2.5465294376232848,0,,,,,,161
2.5465719094445043,1,2.665321902242657,0.0,,,,161
2.5467385343298874,0,,,,,,161
2.5474124434323606,1,2.768019414088164,0.0,,,,161
2.547528160899434,1,2.633590756543542,1.0,0.0,,,161
2.547739192200782,1,2.7711486876619977,0.0,,,,161
2.5482417784879785,0,,,,,,161
2.549233341895283,1,2.8391427686444093,1.0,0.0,,,161
2.550664045431543,1,2.882275404159561,1.0,1.0,1.0,2.4677341583900563,161
2.5527755230227314,1,2.9976610393594836,0.0,,,,161
2.5540264642011272,1,2.7800775406056286,1.0,0.0,,,161
2.554715715564669,1,2.8957802174377147,1.0,0.0,,,161
2.5570982350256095,1,2.925007094756466,1.0,1.0,1.0,2.4018732823120827,161
2.55732120322696,1,2.7980984025628244,0.0,,,,161
2.557442370147663,1,2.904761261674252,0.0,,,,161
2.558272623446925,0,,,,,,161
2.558741675566745,0,,,,,,161
2.560621792588406,1,2.9389590504091316,0.0,,,,161
2.5627680900804584,1,2.944482812911805,0.0,,,,161
2.5637012849601866,1,2.7812794823679683,0.0,,,,161
2.5639144597699346,1,2.8828324763817017,0.0,,,,161
2.5640170942253544,1,2.891916317261774,0.0,,,,161
2.5646264352050223,1,2.831886013616677,1.0,1.0,0.0,,161
2.5648990430799556,1,2.7873540288238874,0.0,,,,161
2.5653333636865887,0,,,,,,161
2.5664915297223048,0,,,,,,161
2.5674274459089785,1,2.679007527491611,0.0,,,,161
2.5679367721870423,0,,,,,,161
2.5681260106084767,0,,,,,,161
2.568552020512734,0,,,,,,161
2.571132000503765,1,3.0914279757744123,0.0,,,,161
2.571272484323587,1,2.7557962545867913,0.0,,,,161
2.571325012016693,1,2.7162540889124864,0.0,,,,161
2.5748654204175137,0,,,,,,161
2.575407559644137,1,2.839662726532605,0.0,,,,161
2.5756929685342067,1,2.878777996540492,1.0,0.0,,,161
2.5761423457411396,1,2.7733367411001306,0.0,,,,161
2.5773267990605704,1,2.874018750645151,0.0,,,,161
2.577796295799764,1,2.870331190921394,1.0,1.0,1.0,2.2561984654831457,161
2.5777985080411674,1,2.9687525814336357,0.0,,,,161
2.578522348462901,0,,,,,,161
2.5787433458515734,1,2.8243375375209663,0.0,,,,161
2.5789348334058237,0,,,,,,161
2.5809416679539217,0,,,,,,161
2.5811920564113366,0,,,,,,161
2.5814126272044007,0,,,,,,161
2.582694411140081,1,2.9146407825835303,0.0,,,,161
2.5841362866312965,1,2.954439827220404,0.0,,,,161
2.5842513000916822,1,2.8701182438988555,0.0,,,,161
2.584400894963887,1,2.8351902150128456,1.0,0.0,,,161
2.586698851472594,0,,,,,,161
2.587029702729979,1,2.912322765788786,0.0,,,,161
2.588182267089754,0,,,,,,161
2.588386935398584,1,2.892230280945556,0.0,,,,161
2.5890346364441315,1,2.8227492092686086,0.0,,,,161
2.5902555120265522,1,2.974490068554513,0.0,,,,161
2.5926252274803403,0,,,,,,161
2.5927464409503957,0,,,,,,161
2.592751445176603,1,2.9616667805420502,1.0,1.0,1.0,2.0820385628512885,161
2.5932015972171754,1,2.9481419033136684,0.0,,,,161
2.594018678049154,1,2.9546806722579753,1.0,0.0,,,161
2.59405382519947,1,2.808514372939884,1.0,0.0,,,161
2.5946153869499518,1,3.1446215114466094,0.0,,,,161
2.5949238516559485,0,,,,,,161
2.5955695522733464,1,2.8523710065206274,0.0,,,,161
2.5961677008270345,0,,,,,,161
2.5966807082482157,1,2.7724947341418393,0.0,,,,161
2.596813030817198,1,2.775403877013174,1.0,1.0,0.0,,161
2.598311628131824,1,2.822719571825171,1.0,0.0,,,161
2.598848991624769,1,2.804641058695867,1.0,0.0,,,161
2.599680452242113,1,2.8065174338350554,0.0,,,,161
2.600056484122221,1,2.912156514581971,0.0,,,,161
2.60172991989548,0,,,,,,161
2.6019052029535907,0,,,,,,161
2.6028274089025416,1,2.796002757911763,1.0,0.0,,,161
2.602973651903572,1,2.864380223961569,1.0,1.0,1.0,2.3122415678039023,161
2.6031317437982913,0,,,,,,161
2.603539292225611,1,2.919318773623875,1.0,1.0,1.0,2.3152672956936384,161
2.6039767956452717,0,,,,,,161
2.604059451858249,1,2.7175964312147225,0.0,,,,161
2.6043636552115785,0,,,,,,161
2.6056200246285353,1,2.7663720375363696,0.0,,,,161
2.606678533703757,1,2.790095533401506,0.0,,,,161
2.607159183455317,1,2.7839771509849003,1.0,1.0,1.0,2.3287073466429553,161
2.6080685972599893,0,,,,,,161
2.60814611917132,0,,,,,,161
2.6100485101408752,0,,,,,,161
2.610106931767402,1,2.8350972053639096,1.0,0.0,,,161
2.6118108878630193,1,2.7920475515006946,0.0,,,,161
2.6123982114424886,1,3.019135159219628,0.0,,,,161
2.6136775449950496,0,,,,,,161
2.6153612919635734,1,2.8804995753469007,0.0,,,,161
2.615913416755048,0,,,,,,161
2.6163261353513136,0,,,,,,161
2.616408790355905,0,,,,,,161
2.616528192530375,0,,,,,,161
2.6172037135313047,1,2.895295511264334,0.0,,,,161
2.6175231214213994,0,,,,,,161
2.618160893738335,1,2.877378894025382,0.0,,,,161
2.618673213112717,0,,,,,,161
2.618924471284476,1,2.9750000626831326,1.0,0.0,,,161
2.6199269778000733,1,2.9432766700085056,0.0,,,,161
2.6203888770157406,1,2.8269368186639685,0.0,,,,161
2.620746337864525,0,,,,,,161
2.6218853662445345,0,,,,,,161
2.622987112398484,0,,,,,,161
2.623176353763454,1,2.8765187076416745,0.0,,,,161
2.6232238576825857,1,2.70800266608449,0.0,,,,161
2.623597225377496,1,2.890313948133965,1.0,1.0,1.0,1.9742217456697393,161
2.624288318401703,1,2.8160729263190225,0.0,,,,161
2.624550745392976,0,,,,,,161
2.6246118032198957,1,2.857900829948265,1.0,0.0,,,161
2.6265135047191808,0,,,,,,161
2.6271312995962455,1,2.8294579208359676,1.0,1.0,1.0,2.45548258581571,161
2.6271342871679852,1,2.919088268236624,1.0,1.0,1.0,1.973277042740365,161
2.62729537693228,0,,,,,,161
2.6277803104164144,0,,,,,,161
2.6291170786868503,1,2.882022129410892,0.0,,,,161
2.629271953235163,1,2.902463107434556,0.0,,,,161
2.6293765308875434,0,,,,,,161
2.6300355480126743,0,,,,,,161
2.630250532389885,0,,,,,,161
2.631490420644588,1,2.820743616037226,0.0,,,,161
2.633010863194443,0,,,,,,161
2.6359275520616974,1,2.9187027269782813,0.0,,,,161
2.636117644857675,0,,,,,,161
2.636831577104265,1,2.9940973129785093,1.0,0.0,,,161
2.6376184783007814,0,,,,,,161
2.639011553388204,1,2.855976275053386,0.0,,,,161
2.6402450951514607,1,2.8607110326625205,1.0,0.0,,,161
2.640781290157902,0,,,,,,161
2.6416659705701164,0,,,,,,161
2.641717280481882,1,2.9185691928621984,0.0,,,,161
2.644347466945523,1,2.8415086124087527,1.0,1.0,1.0,2.24089940598256,161
2.645403007347591,1,2.8316391698581787,0.0,,,,161
2.645815878583275,0,,,,,,161
2.646045884453225,1,3.0324914170243464,1.0,1.0,1.0,2.2632990946044433,161
2.646149822139055,0,,,,,,161
2.6462954734757593,0,,,,,,161
2.6474274926646566,0,,,,,,161
2.648162952463511,0,,,,,,161
2.6484127327745686,0,,,,,,161
2.6498771958500935,1,2.812351445904354,1.0,0.0,,,161
2.6499178190249744,0,,,,,,161
2.6499298913474236,1,2.8760823206668342,0.0,,,,161
2.649996144690822,0,,,,,,161
2.650060189904111,0,,,,,,161
2.6501627005112,1,2.882147283728551,1.0,0.0,,,161
2.6505440025005575,0,,,,,,161
2.6505573689791277,0,,,,,,161
2.6513210608061444,1,2.76568496239244,0.0,,,,161
2.651492982038913,1,2.950006192182834,0.0,,,,161
2.6516122079097095,1,2.9278640589901244,1.0,0.0,,,161
2.652240909954552,1,2.878089298559875,0.0,,,,161
2.652774981669657,0,,,,,,161
2.6529720407640838,1,2.8400384232972904,1.0,1.0,1.0,2.266186266665362,161
2.65432269729659,1,2.879947429803333,0.0,,,,161
2.6544438339229375,1,2.954443187027664,1.0,0.0,,,161
2.6550034882990072,1,2.7022751345578038,0.0,,,,161
2.6553039359386092,1,2.9782456769194954,0.0,,,,161
2.6560147820365527,0,,,,,,161
2.656258095582876,1,2.8171504880651583,1.0,1.0,1.0,1.8950232396131355,161
2.656554667358642,1,2.8071239027148858,0.0,,,,161
2.656641278357715,0,,,,,,161
2.6567005324991397,1,2.883653047738822,1.0,1.0,1.0,2.2141496213150393,161
2.6573536334479346,1,2.945353976115191,0.0,,,,161
2.6576318171425966,0,,,,,,161
2.658924343682694,1,2.9317139726952877,0.0,,,,161
2.659124379844443,0,,,,,,161
2.659941700741042,1,3.009381803169204,0.0,,,,161
2.660791594635839,1,2.8201279299661572,0.0,,,,161
2.6608178384675627,0,,,,,,161
2.6610640557921466,1,2.9673585899682156,0.0,,,,161
2.661437156341098,1,2.7269772793202764,0.0,,,,161
2.663827866515347,0,,,,,,161
2.6639236940816557,1,2.961688264685001,0.0,,,,161
2.6645004545669106,1,2.9373067444854173,1.0,1.0,1.0,2.317583118234292,161
2.664538360916615,0,,,,,,161
2.6654838553286573,1,2.8611849276738015,0.0,,,,161
2.665966024822838,0,,,,,,161
2.6667099757229744,1,2.895951710378078,1.0,1.0,1.0,2.2327400228651566,161
2.666943224754723,1,2.834018073583666,0.0,,,,161
2.667359971993755,0,,,,,,161
2.667404507171932,0,,,,,,161
2.66904726001481,0,,,,,,161
2.669162517567103,1,2.991191270536969,0.0,,,,161
2.6709760454652574,0,,,,,,161
2.6719206400449282,1,2.9854068492020907,0.0,,,,161
2.6721258130368737,0,,,,,,161
2.673647109861213,0,,,,,,161
2.6761499863855125,1,3.0260345372731283,1.0,1.0,1.0,2.409603896330497,161
2.676709177088799,0,,,,,,161
2.6775053485413594,1,2.823558531852672,0.0,,,,161
2.6775865996519492,0,,,,,,161
2.6786063806608533,0,,,,,,161
2.6789434604472215,1,2.9160201684254123,0.0,,,,161
2.6801889258879528,1,2.954368828557928,1.0,1.0,1.0,2.3457163913746326,161
2.6804589735554107,1,2.938237958552513,1.0,0.0,,,161
2.680767710541932,1,2.9931406118271116,1.0,1.0,1.0,2.4079634226578572,161
2.682519101318365,1,2.9425116684019033,0.0,,,,161
2.6832369988665707,0,,,,,,161
2.6835776538586815,1,2.852205237228737,0.0,,,,161
2.683970850545045,0,,,,,,161
2.683984167112166,1,2.8709693923489055,0.0,,,,161
2.684201543564222,1,2.790287800096828,0.0,,,,161
2.6844936187306057,1,2.9105166544811336,0.0,,,,161
2.6846755046394395,0,,,,,,161
2.6847374942969986,1,2.8303130899794797,1.0,1.0,1.0,2.447781223401341,161
2.6850992453842686,1,3.054109788820302,0.0,,,,161
2.687738526886765,1,2.9618502138370757,1.0,0.0,,,161
2.6881811778066393,1,2.9390309343404577,0.0,,,,161
2.6882886476624845,1,2.853845038093595,0.0,,,,161
2.688590465554516,1,2.9209006111840616,0.0,,,,161
2.6910128357121805,1,2.9090677537069283,0.0,,,,161
2.6918447035628916,0,,,,,,161
2.69213801649545,0,,,,,,161
2.692681242366138,1,2.9572353673161755,0.0,,,,161
2.693297979162074,1,2.8318414951291127,1.0,0.0,,,161
2.6935518174310604,1,2.9655154784484576,1.0,1.0,1.0,2.0719649705640126,161
2.694192712042628,0,,,,,,161
2.6945245954494106,0,,,,,,161
2.69502381273717,0,,,,,,161
2.695823398768028,1,2.890237540924468,0.0,,,,161
2.696247529690064,1,2.8848925971546096,1.0,0.0,,,161
2.697457255463565,0,,,,,,161
2.698436971181136,1,2.7573406711668245,0.0,,,,161
2.699052710744085,1,2.8844241692404675,1.0,1.0,1.0,2.443377569844035,161
2.7000828559718317,0,,,,,,161
2.7006332813416587,1,2.965741919973881,0.0,,,,161
2.701198122110631,1,2.9163063939950913,0.0,,,,161
2.7014387032686553,1,2.919681797389509,1.0,1.0,1.0,2.0932131522756663,161
2.7014644835908213,0,,,,,,161
2.701857891172631,0,,,,,,161
2.7020081773204185,1,2.8641228991612078,1.0,0.0,,,161
2.702460132393506,1,2.9201636821377335,1.0,1.0,1.0,2.2895511224525835,161
2.702630877202256,1,2.9275349710606937,1.0,0.0,,,161
2.703210012056332,0,,,,,,161
2.7034274391324464,0,,,,,,161
2.703826379251275,1,2.9698929167062316,1.0,1.0,0.0,,161
2.7049500665305595,0,,,,,,161
2.7053077102947074,1,2.8914908368512973,1.0,0.0,,,161
2.706992859928459,1,2.862003529683251,0.0,,,,161
2.7071101939418485,0,,,,,,161
2.7083122144210803,1,2.87673949460829,0.0,,,,161
2.7085670775038473,1,2.9257139047979743,1.0,0.0,,,161
2.70867796665552,0,,,,,,161
2.7098219042356364,1,2.8460503241129684,0.0,,,,161
2.7099332961013225,1,3.0381546823101218,0.0,,,,161
2.7099605996831397,1,2.9982949059725303,0.0,,,,161
2.7108532134384222,1,2.903540691300426,1.0,0.0,,,161
2.7125515331507515,0,,,,,,161
2.7131264997493605,1,2.8854970747228914,1.0,1.0,1.0,2.3576864285935017,161
2.713785832586929,1,2.928142404555413,0.0,,,,161
2.714792336268886,1,2.8883223218066862,0.0,,,,161
2.7162933285262807,1,2.9078258200075506,1.0,1.0,1.0,2.3423509092903916,161
2.716687463202621,1,2.920858992332226,1.0,0.0,,,161
2.716895475608407,1,2.870296555991064,1.0,0.0,,,161
2.7169044458759517,1,2.8636773057122467,0.0,,,,161
2.7179117423222547,1,2.9589411977160345,1.0,1.0,1.0,2.2477581608135084,161
2.7179342608112105,0,,,,,,161
2.718900330794876,0,,,,,,161
2.719818732088488,1,2.9139544851769497,0.0,,,,161
2.7201869947735116,1,2.8869291999282347,1.0,0.0,,,161
2.7203250649835558,0,,,,,,161
2.72143715419924,0,,,,,,161
2.7214783827269224,1,2.9119942441379587,1.0,0.0,,,161
2.7222687133126775,0,,,,,,161
2.722421811064904,0,,,,,,161
2.7224820286917395,1,2.8268053625506084,1.0,1.0,1.0,2.4627856986679135,161
2.72320116279926,1,2.9379858173278666,0.0,,,,161
2.7240618630687097,0,,,,,,161
2.72481794914326,1,2.9928386877035575,0.0,,,,161
2.725025300869974,1,2.894182866028707,1.0,0.0,,,161
2.7253679385790237,0,,,,,,161
2.726750274424875,1,2.9491193660086883,1.0,0.0,,,161
2.7270283411037917,1,2.999588774267182,0.0,,,,161
2.727091134054258,0,,,,,,161
2.7275112952137963,1,2.825355997227648,1.0,1.0,1.0,2.0673015003904633,161
2.727912459323994,0,,,,,,161
2.728619041323929,1,2.9252149929201545,0.0,,,,161
2.729174710467035,0,,,,,,161
2.730225027895016,1,2.810841017492602,0.0,,,,161
2.730586422459029,1,2.860224968983295,1.0,0.0,,,161
2.7307416497029147,1,2.903478805962203,0.0,,,,161
2.7307523951787505,0,,,,,,161
2.7309827765715613,0,,,,,,161
2.7315032851744596,0,,,,,,161
2.731682599370408,1,2.9076248563509077,0.0,,,,161
2.7321694376332237,1,2.866626858801559,1.0,0.0,,,161
2.732409838388312,1,3.0347887857203815,1.0,1.0,1.0,2.291287341633919,161
2.733152602881659,1,2.9692088651453465,0.0,,,,161
2.7334035123612668,1,2.8797367075738824,1.0,1.0,1.0,2.385503376377137,161
2.7336004589918548,0,,,,,,161
2.7336263963941776,1,2.9651214057517024,0.0,,,,161
2.7340123977085056,1,2.930038021009459,1.0,0.0,,,161
2.7358557765064173,1,2.820266493036428,1.0,1.0,1.0,2.3148192222441892,161
2.7358767558743047,1,3.076194756453452,0.0,,,,161
2.7363783742111822,0,,,,,,161
2.7365505236190577,1,2.8772677833285294,0.0,,,,161
2.7369842712221466,1,2.9638868186678873,1.0,1.0,1.0,2.5260401679925732,161
2.7379973166293903,1,2.8837738507186934,0.0,,,,161
2.7382380134386444,1,2.881040859441838,0.0,,,,161
2.7393006496755388,0,,,,,,161
2.7399968622548623,1,2.943428207577545,1.0,1.0,1.0,2.5867835982893,161
2.740174258205193,1,2.846680956481597,1.0,1.0,1.0,2.3486751386882663,161
2.7411693424147043,1,2.9030346998774568,1.0,1.0,1.0,2.303043329353219,161
2.741806719794146,0,,,,,,161
2.742611823383575,1,2.9961726030550806,0.0,,,,161
2.744241942633441,0,,,,,,161
2.7447726450201273,1,2.999604073175494,0.0,,,,161
2.7447749546023386,1,2.9367869322421516,1.0,1.0,1.0,2.5520785577232936,161
2.7459951208235394,1,2.792850980437147,0.0,,,,161
2.746449017579408,0,,,,,,161
2.7466898907326964,1,2.9636117874183827,1.0,1.0,1.0,2.2585743696498466,161
2.7473579362249643,1,3.0607470205295746,1.0,0.0,,,161
2.74787603248747,1,3.077415215990215,1.0,1.0,1.0,2.515891751834235,161
2.74815760279565,1,2.9722526355217838,1.0,1.0,0.0,,161
2.7482216038576186,1,3.045055172039643,0.0,,,,161
2.750146681975676,1,2.9792725665149025,1.0,1.0,1.0,2.4404292590596492,161
2.7508412381139706,0,,,,,,161
2.7509137276209183,1,2.827806833557436,0.0,,,,161
2.751999992424653,1,2.940259118132973,1.0,0.0,,,161
2.754019102894258,1,2.895970473294613,1.0,1.0,1.0,2.206598285754986,161
2.7548120343130296,1,2.94900095568119,0.0,,,,161
2.755059263271497,1,3.0401287854548578,1.0,1.0,1.0,2.3365780636555846,161
2.7555171597488695,0,,,,,,161
2.7558633970188944,1,2.985803256545999,1.0,1.0,1.0,2.3040386458874798,161
2.7564389596658403,1,2.9785988173829403,1.0,1.0,1.0,2.2741727196716357,161
2.757366315175063,1,2.871230373414721,1.0,1.0,1.0,2.586791129084828,161
2.757520063535729,0,,,,,,161
2.7576418774968463,1,2.9150076517417127,0.0,,,,161
2.758717720055068,0,,,,,,161
2.759370488550482,1,2.93948280597934,0.0,,,,161
2.759552228383473,1,3.1002737379738106,1.0,0.0,,,161
2.7602974184378026,0,,,,,,161
2.760326077639155,1,2.8687910627679236,1.0,0.0,,,161
2.760460120427313,1,2.8765193853891025,0.0,,,,161
2.7605963965455986,1,3.10590427825911,0.0,,,,161
2.761058787827806,1,2.9620691080695454,0.0,,,,161
2.7611319075177723,1,2.981180865852318,1.0,0.0,,,161
2.7611773503661334,0,,,,,,161
2.76267082646415,1,2.973235862832707,1.0,1.0,1.0,2.2924589009713774,161
2.7641541994449312,0,,,,,,161
2.764773232039626,1,2.987723044827803,0.0,,,,161
2.7648129002981703,1,2.762807003077486,0.0,,,,161
2.7651930717380404,0,,,,,,161
2.76524038996653,1,3.0461802205978765,0.0,,,,161
2.76561926309709,0,,,,,,161
2.7657078227720264,1,3.1642506365772958,0.0,,,,161
2.765859458313582,0,,,,,,161
2.7669883875656285,0,,,,,,161
2.7676399397603824,1,3.0361459342111092,0.0,,,,161
2.7697823972570856,1,2.9674665218330483,0.0,,,,161
2.7701133828432964,1,2.8871329963295067,1.0,1.0,1.0,2.205659353284338,161
2.7704453355704874,1,2.9136856261015134,1.0,1.0,0.0,,161
2.7708792690597175,1,2.9602858974031485,1.0,1.0,1.0,2.3982831125449207,161
2.771643632240788,1,2.9793871949538153,1.0,1.0,1.0,2.4687323446345677,161
2.771999863792799,1,2.94346359825211,1.0,1.0,1.0,2.159042784363503,161
2.7727034979921017,1,2.952393981795489,0.0,,,,161
2.7732619836982377,0,,,,,,161
2.773481463360566,0,,,,,,161
2.773588389259604,1,2.8499143375908935,0.0,,,,161
2.773654684432136,1,2.971080587796258,1.0,1.0,0.0,,161
2.774695864227936,0,,,,,,161
2.7748662978905054,0,,,,,,161
2.7750358372624704,1,2.8898960841955352,1.0,0.0,,,161
2.7766646865532634,1,2.98373391334953,1.0,0.0,,,161
2.7774414307405952,0,,,,,,161
2.7783897005168057,0,,,,,,161
2.7785661549593392,0,,,,,,161
2.7804421540728788,1,3.070967543894914,1.0,0.0,,,161
2.7816340005730025,1,3.0902905736746766,0.0,,,,161
2.7826202324299634,0,,,,,,161
2.7842859465674867,1,3.0789065580792774,1.0,0.0,,,161
2.7843936735734127,0,,,,,,161
2.7851077263057715,0,,,,,,161
2.785984176581607,1,2.8954001563399636,0.0,,,,161
2.788097698575569,1,2.944909072762823,0.0,,,,161
2.7891403275258213,1,3.073963546959992,1.0,1.0,0.0,,161
2.7895112835684577,1,3.0653281558747136,0.0,,,,161
2.7895477738089722,0,,,,,,161
2.789873025536668,1,2.931988745308325,0.0,,,,161
2.7899064992009057,0,,,,,,161
2.7906207422102303,0,,,,,,161
2.7909803275765057,1,3.0257441736199904,1.0,1.0,1.0,2.2951508081184215,161
2.7921099488490015,0,,,,,,161
2.792960704014378,1,2.929901194925046,1.0,0.0,,,161
2.793096517302788,0,,,,,,161
2.7931752536467434,1,2.953717711067747,1.0,1.0,1.0,2.199940995134951,161
2.7945377239436957,1,2.9587034812015647,0.0,,,,161
2.794607765039188,0,,,,,,161
2.7951487068713323,1,2.9713287433536153,0.0,,,,161
2.7957769766482783,0,,,,,,161
2.796234206511108,1,2.903504759039454,1.0,1.0,1.0,2.549304248516049,161
2.797434423249792,1,2.990063525545763,0.0,,,,161
2.797483691273692,1,2.882961245357429,0.0,,,,161
2.7975428425667452,1,2.915783254337637,0.0,,,,161
2.798397632872682,0,,,,,,161
2.79871289603378,1,2.9654253888332858,1.0,0.0,,,161
2.798803079666075,1,3.0091285629283844,1.0,1.0,1.0,2.240374805380232,161
2.7994153173250442,1,2.7735316457586894,0.0,,,,161
2.799915684502522,0,,,,,,161
2.8000773269777905,0,,,,,,161
2.800605964585321,1,2.9921919003158886,1.0,0.0,,,161
2.8010042665444663,1,2.9582895820234856,1.0,0.0,,,161
2.801414529223634,1,3.059424884249334,0.0,,,,161
2.8016078016651456,0,,,,,,161
2.802269200821862,1,2.928820216380809,1.0,0.0,,,161
2.8028739153973583,0,,,,,,161
2.8050773808789877,1,3.063486013697466,0.0,,,,161
2.805538699875666,0,,,,,,161
2.805666316556266,0,,,,,,161
2.806783110634454,1,2.9946858940788377,1.0,1.0,1.0,2.243405594899144,161
2.807240188683353,0,,,,,,161
2.8083263907228075,0,,,,,,161
2.808641243217262,1,2.972875283403018,0.0,,,,161
2.8105957027082575,1,3.036043151310644,1.0,1.0,1.0,2.1991998690259797,161
2.8107463520224134,1,2.858370734514419,1.0,0.0,,,161
2.810774553306973,0,,,,,,161
2.8112716396033024,1,2.9653377385262947,1.0,1.0,1.0,2.255263843300219,161
2.812748873378628,1,2.994253007663195,1.0,1.0,1.0,2.1484528386185655,161
2.812790074470246,0,,,,,,161
2.813138406132155,1,2.9483444038835867,1.0,0.0,,,161
2.813799897309037,1,2.796129568519215,1.0,0.0,,,161
2.8138520196207955,0,,,,,,161
2.814217344950876,1,3.0316471382737293,1.0,1.0,1.0,2.5798170529374573,161
2.8146184484512506,1,2.9731590331813837,1.0,0.0,,,161
2.8147965152877363,1,2.9276133708560272,0.0,,,,161
2.815704653068334,1,2.9119460117398153,0.0,,,,161
2.8169881287626075,0,,,,,,161
2.8173424626250685,1,3.110202598062122,0.0,,,,161
2.8173889549738282,1,3.0781463477341027,1.0,1.0,1.0,2.4299222904256084,161
2.8184035972365638,1,2.9564439456457405,1.0,0.0,,,161
2.820094334580809,1,3.0730892559906757,0.0,,,,161
2.8203675234422607,1,2.966070167561272,1.0,1.0,1.0,2.304486404346983,161
2.820383128719602,1,3.0171616003897666,1.0,1.0,1.0,2.6736037265856796,161
2.82056585973299,1,2.979779343968676,1.0,0.0,,,161
2.821590787310719,1,3.0745867199076247,1.0,0.0,,,161
2.822104672613633,0,,,,,,161
2.823732365750505,0,,,,,,161
2.8247106257907717,1,3.0093344161455775,1.0,0.0,,,161
2.82523598124972,1,2.970070862589877,0.0,,,,161
2.8254951228620317,1,3.0561503577453966,1.0,1.0,1.0,2.461056925864328,161
2.8259564153465573,1,2.815162140920971,1.0,0.0,,,161
2.826263017307677,1,3.033720077434473,1.0,0.0,,,161
2.8269141263220243,1,2.924743019812161,0.0,,,,161
2.827003842963275,1,2.9508907293958924,1.0,0.0,,,161
2.827011883469167,1,2.9654583411327846,1.0,0.0,,,161
2.827343927381005,0,,,,,,161
2.8276650185961856,1,3.0115760090778516,0.0,,,,161
2.8280842237621844,1,3.0762396735577497,1.0,1.0,1.0,2.271467697227579,161
2.828253119298981,1,3.041654797259407,1.0,0.0,,,161
2.828338283066011,1,3.0497294904632324,1.0,0.0,,,161
2.8293741232093006,1,2.971694138788978,0.0,,,,161
2.830891289447402,1,2.9536706471874696,1.0,1.0,1.0,2.212630870524621,161
2.831117041206121,0,,,,,,161
2.8312437304365257,0,,,,,,161
2.832752537506605,0,,,,,,161
2.8332264819350645,1,2.946493051940838,0.0,,,,161
2.834282329249554,0,,,,,,161
2.8343574726284353,1,3.029300612441594,0.0,,,,161
2.8374530891846135,1,2.909377536096341,1.0,0.0,,,161
2.837481081258168,1,2.978918964377051,0.0,,,,161
2.837771829901189,1,2.965829091147681,0.0,,,,161
2.8378688414674036,1,2.955183588723648,0.0,,,,161
2.8388567964992752,1,2.915374512804979,1.0,0.0,,,161
2.839123133041776,1,3.036704110313966,0.0,,,,161
2.84093432426824,1,3.0234427660912124,0.0,,,,161
2.8409769776555804,1,3.12278352700929,1.0,0.0,,,161
2.842008113210718,0,,,,,,161
2.842609873146609,1,3.0217849442046227,1.0,0.0,,,161
2.843108134491046,1,3.039075599311482,0.0,,,,161
2.8438110487018062,0,,,,,,161
2.843900746613687,0,,,,,,161
2.8441736564745206,1,3.1932293881432,1.0,0.0,,,161
2.846576879080849,1,3.0346506476247326,0.0,,,,161
2.8466728141879645,1,3.030169883504807,1.0,0.0,,,161
2.847085847662193,0,,,,,,161
2.849235850614664,0,,,,,,161
2.849959515777019,1,3.0191333373240306,1.0,0.0,,,161
2.8508207645799075,1,3.0437295010618794,1.0,0.0,,,161
2.8515676274184094,0,,,,,,161
2.852498017408295,0,,,,,,161
2.8530068234465733,0,,,,,,161
2.8532790180696015,1,3.0064124357065167,1.0,0.0,,,161
2.8535253979429434,1,2.9562164603334145,1.0,0.0,,,161
2.8538488905836807,1,2.9903012611722466,1.0,0.0,,,161
2.8540006761204246,1,2.995760777870621,0.0,,,,161
2.8540139914725144,1,2.9847992414768743,1.0,1.0,1.0,2.2697367460964926,161
2.8541887322532156,1,2.9792859949192363,1.0,1.0,1.0,2.5164288214611785,161
2.854266748563877,1,2.9260511229611987,1.0,0.0,,,161
2.8546922137650346,0,,,,,,161
2.854737576663096,1,2.945878599907831,0.0,,,,161
2.8565582961294473,0,,,,,,161
2.8566425562121394,1,3.133347378353102,1.0,0.0,,,161
2.8567914859243038,1,2.9355858507298014,1.0,1.0,1.0,2.3257050199209424,161
2.8570497342330623,1,3.0251489402393883,0.0,,,,161
2.8572172452953137,0,,,,,,161
2.8583796417184013,1,3.091771488629009,1.0,1.0,1.0,2.4492713220105333,161
2.8594431349569702,1,2.8981894094669745,0.0,,,,161
2.859444839322201,1,3.04246133723118,1.0,1.0,1.0,2.281035596391537,161
2.859663238302715,1,2.988488801738971,0.0,,,,161
2.8601574460917165,0,,,,,,161
2.8607262345823767,1,2.974355541157962,1.0,1.0,1.0,2.5506365717602857,161
2.8607844373561746,0,,,,,,161
2.8608110172833547,1,3.113881120228284,1.0,1.0,1.0,2.0057244442163733,161
2.8611512500110634,0,,,,,,161
2.861686382420249,1,2.9526413611695457,0.0,,,,161
2.8623595887622453,1,3.004669193611348,0.0,,,,161
2.862977869542091,1,2.9255546394635545,1.0,1.0,0.0,,161
2.863206547584723,0,,,,,,161
2.8632382376159753,1,2.9621109181615624,1.0,1.0,1.0,2.147049420538226,161
2.8642294856323636,1,3.0525892175237943,1.0,1.0,1.0,2.6957564048299285,161
2.864449772352995,1,2.9791003223696477,0.0,,,,161
2.864581342480728,1,3.1129351614781724,1.0,0.0,,,161
2.865938391718215,0,,,,,,161
2.86614771698898,1,3.027299442103745,0.0,,,,161
2.868132719270622,1,3.0445683024152466,0.0,,,,161
2.8693672620763695,1,2.9895989865141877,1.0,1.0,1.0,2.4109941099005714,161
2.870292400921917,1,2.931848465994726,0.0,,,,161
2.870311104710461,1,2.9345888823360644,1.0,1.0,1.0,2.402647141161683,161
2.871362476331706,1,3.1224511635455006,0.0,,,,161
2.8717901046082,1,3.0564797832819055,0.0,,,,161
2.8721897225343516,1,3.0689719467833454,0.0,,,,161
2.872249275393701,1,2.9637575356321046,0.0,,,,161
2.873627701056036,1,3.073102833858113,1.0,0.0,,,161
2.8736907587082055,1,3.17335052098872,0.0,,,,161
2.874128100820877,1,2.777509959720307,0.0,,,,161
2.874475645231118,0,,,,,,161
2.8745395295137923,1,2.9611829848059767,0.0,,,,161
2.874621740124743,0,,,,,,161
2.8747617648065384,1,2.9313364502510466,0.0,,,,161
2.8759407911086403,1,3.0172645779316625,1.0,1.0,1.0,2.519213402652984,161
2.8760135521329793,1,2.9387834653527922,1.0,1.0,0.0,,161
2.8762026536872356,1,2.9502181737463173,1.0,1.0,1.0,2.2228052887762075,161
2.8769949260251497,1,2.9134669343647444,1.0,0.0,,,161
2.878040642671857,1,3.1460667634227555,0.0,,,,161
2.8793066660781865,1,2.973120062072324,0.0,,,,161
2.879882008127219,0,,,,,,161
2.882359442792568,1,3.0906462680676277,1.0,1.0,1.0,2.1780866859284753,161
2.882844941403027,1,2.969979493685437,0.0,,,,161
2.884537377584414,0,,,,,,161
2.884764496319241,1,3.0062668213038015,1.0,1.0,1.0,2.4599932269261173,161
2.8850567793274706,0,,,,,,161
2.8851267549116058,1,3.0310977526803806,1.0,1.0,1.0,2.2462417872364058,161
2.88520536809109,1,2.9938811023691128,1.0,1.0,1.0,2.4212801564807767,161
2.88564262207926,1,2.904991250951778,1.0,1.0,1.0,2.4847495988825123,161
2.886290698042706,1,3.1249722783076646,0.0,,,,161
2.8865831457923057,0,,,,,,161
2.8870887176832096,0,,,,,,161
2.889924876573964,1,3.108867166264186,0.0,,,,161
2.890923352373504,1,2.9713679081912607,1.0,0.0,,,161
2.891899116968338,0,,,,,,161
2.8925519584562798,1,2.9650219322258136,0.0,,,,161
2.8925529027733483,1,2.9267761033253086,1.0,0.0,,,161
2.8927741284823596,1,3.02648535356051,1.0,1.0,1.0,2.6505212503126496,161
2.8928023745861036,0,,,,,,161
2.8930949297053097,1,3.171079206030555,0.0,,,,161
2.8931604651555176,0,,,,,,161
2.893281218613791,0,,,,,,161
2.8936961107927752,1,3.0942972693542545,1.0,0.0,,,161
2.8947680410828434,1,2.888103223690522,0.0,,,,161
2.8948049356797134,1,2.98929469400305,0.0,,,,161
2.8965468406548642,1,3.0222648442992464,0.0,,,,161
2.8971035468214663,1,2.989742367168901,1.0,0.0,,,161
2.8980740858540406,1,3.045989448927043,1.0,1.0,1.0,2.330626814037891,161
2.8984645061616003,1,2.9004769623814797,1.0,1.0,1.0,2.2180686611619316,161
2.8990227442601912,1,3.0112099795429086,1.0,0.0,,,161
2.899373350084813,1,2.9038828092160736,0.0,,,,161
2.900135906089715,0,,,,,,161
2.9004598994002415,1,3.1189373938942793,0.0,,,,161
2.900607899087302,1,3.0117591376542627,1.0,1.0,1.0,2.4388377547001405,161
2.900943056013489,1,3.05547810521792,1.0,0.0,,,161
2.9012567845760953,1,2.897700618569339,0.0,,,,161
2.9019526808136558,1,3.075913183720234,1.0,1.0,1.0,2.4361086163572483,161
2.9020889123733324,0,,,,,,161
2.9027482585777427,1,3.104114273532766,1.0,1.0,1.0,2.434986007936809,161
2.9027930350938753,1,3.0545618193889714,1.0,1.0,1.0,2.329117204610908,161
2.9033401838755757,1,2.9163910470321075,1.0,1.0,1.0,2.1942677744760393,161
2.9042302329127176,0,,,,,,161
2.9049145388437534,1,2.764527316673791,1.0,1.0,1.0,2.416437199812472,161
2.9054544419018726,1,3.0963446339355403,1.0,1.0,1.0,2.24645047771142,161
2.9057042211422694,0,,,,,,161
2.9066295969497427,1,3.0639928463484294,0.0,,,,161
2.907379709743473,1,3.076592905991657,1.0,1.0,1.0,2.3943592623236007,161
2.907701353889642,1,2.954236196974543,1.0,0.0,,,161
2.907900003207734,0,,,,,,161
2.9082017386182053,1,3.002196592698175,1.0,1.0,1.0,2.5494252585913353,161
2.9099228130224386,1,2.983463121267394,1.0,0.0,,,161
2.910199915328354,0,,,,,,161
2.9102225669916035,1,3.0265365860714866,0.0,,,,161
2.9106864753529877,1,2.9351091068496786,0.0,,,,161
2.911797570217496,1,3.097162324844598,0.0,,,,161
2.911953906064171,1,2.918461820214739,1.0,0.0,,,161
2.9133764928872363,0,,,,,,161
2.914551855829441,1,2.9442090909926897,1.0,1.0,0.0,,161
2.914743227644795,1,3.0669094585134813,1.0,0.0,,,161
2.9148883036218662,1,2.936934602839453,1.0,0.0,,,161
2.915005879553734,1,3.085329705601146,0.0,,,,161
2.91560673415977,1,3.1646736679876524,1.0,0.0,,,161
2.9159090796258704,0,,,,,,161
2.9168780190674015,1,2.9956995065742285,1.0,1.0,1.0,2.3796292916252684,161
2.9169222166750277,1,2.8922173846759587,0.0,,,,161
2.917267230042713,1,3.064185436380301,1.0,0.0,,,161
2.9172757445887267,1,2.998741578872301,1.0,0.0,,,161
2.9175390034234656,1,3.043728345043645,1.0,0.0,,,161
2.9178202078055038,1,3.04022272735367,1.0,0.0,,,161
2.918590379341397,0,,,,,,161
2.918635548079978,1,3.186037204511988,0.0,,,,161
2.9198768013303464,1,3.073018487977095,1.0,1.0,1.0,2.7143306461408456,161
2.920197527703982,1,3.1365642167074554,1.0,0.0,,,161
2.9205233951978644,1,2.9403740527116944,0.0,,,,161
2.9210187131690732,1,3.0039186073211375,0.0,,,,161
2.921888655219439,0,,,,,,161
2.922458466124767,0,,,,,,161
2.9225157212463264,1,3.0516103416766622,1.0,1.0,1.0,2.429423161000754,161
2.9225915956553585,0,,,,,,161
2.92267561516923,1,2.932813487749233,1.0,1.0,1.0,2.5989756940281667,161
2.9229264669797947,1,2.9367489485743747,0.0,,,,161
2.9231042478242215,1,3.0260199463466133,1.0,0.0,,,161
2.923123462927748,1,3.023307528221693,1.0,0.0,,,161
2.923316002993903,1,3.007441918787665,0.0,,,,161
2.9233869731901976,1,3.019285211898467,1.0,1.0,0.0,,161
2.9236197260039662,1,3.0632277087837823,1.0,0.0,,,161
2.9240240868158365,1,2.871112468327599,1.0,0.0,,,161
2.9244302998416605,0,,,,,,161
2.924494169940006,1,3.110253549827422,0.0,,,,161
2.9245794150286435,0,,,,,,161
2.925033510901491,1,3.0749087331142313,1.0,0.0,,,161
2.9250730518016836,1,3.0478610443858756,1.0,1.0,0.0,,161
2.9252392002540026,0,,,,,,161
2.9256193904836882,1,3.1081744225135446,1.0,1.0,1.0,2.4164135447828614,161
2.9257107175382084,1,3.015954026684391,1.0,1.0,1.0,2.3794606817006114,161
2.92608904803032,1,3.144824324474042,1.0,0.0,,,161
2.9261075292534375,0,,,,,,161
2.926714529677427,1,2.9402738490134857,0.0,,,,161
2.9267622130947455,1,3.0474909350076795,1.0,1.0,1.0,2.5257117431919776,161
2.9273679556334953,1,3.0322340172745266,1.0,1.0,1.0,2.400505815664168,161
2.9274909056713025,1,2.9350656232100882,0.0,,,,161
2.9278189202041083,1,3.0858954912817462,0.0,,,,161
2.92792177285956,0,,,,,,161
2.927997009169136,1,2.942271588300361,0.0,,,,161
2.9280733846156193,1,3.1771460046550644,1.0,1.0,1.0,2.6070821830992723,161
2.928809575200424,1,2.978765953694273,1.0,0.0,,,161
2.929425318230779,1,3.0289535295408054,1.0,1.0,1.0,2.0789745993682303,161
2.9294261233967864,1,2.983459887253809,1.0,0.0,,,161
2.9298017055643655,1,3.0006148058250335,0.0,,,,161
2.9298455310927016,1,3.0936307743494944,1.0,1.0,0.0,,161
2.9301142175835944,1,3.0662510129322467,1.0,1.0,1.0,2.457804002692989,161
2.930436110295906,1,3.104656328823778,0.0,,,,161
2.931654209295579,0,,,,,,161
2.932142581782273,1,3.0297985951138076,1.0,0.0,,,161
2.9323906145889427,1,2.92713928298192,0.0,,,,161
2.932579066669563,1,3.0152704526456726,1.0,1.0,1.0,2.6056133247290103,161
2.933015179636264,1,3.1251595758706694,1.0,0.0,,,161
2.933048099817613,0,,,,,,161
2.9331997918448,0,,,,,,161
2.9339554312393306,1,3.0987284878395425,1.0,1.0,1.0,2.5851732436357446,161
2.933993948963999,1,3.111507445828085,1.0,0.0,,,161
2.9341532061234776,0,,,,,,161
2.9342133710984544,0,,,,,,161
2.934493410803146,1,2.9461484240079145,1.0,1.0,1.0,2.3389341244675466,161
2.9352679327300635,1,3.0120417125710706,0.0,,,,161
2.9355417803725263,1,3.026126427523976,0.0,,,,161
2.935604212523497,1,3.1403458608135124,1.0,0.0,,,161
2.9363432339059314,1,3.0041660687794147,1.0,1.0,1.0,2.487489155196232,161
2.936533694792105,1,3.0506918732010853,1.0,0.0,,,161
2.936803118900951,1,3.0357048141326177,1.0,1.0,1.0,2.3753734768294876,161
2.9368165438116938,1,3.064540283012167,1.0,1.0,1.0,2.3701573162426732,161
2.9372134775578487,1,3.249089474960012,1.0,0.0,,,161
2.9376534592105776,0,,,,,,161
2.938402443990073,1,3.1600612341536967,1.0,0.0,,,161
2.9386998993339244,1,2.9700053863771076,1.0,0.0,,,161
2.939029853875801,1,3.1571892978886273,0.0,,,,161
2.939283458202947,1,3.025751338828085,1.0,1.0,1.0,2.478337139754018,161
2.939568855581735,1,2.9821040212264056,0.0,,,,161
2.9399012822389925,0,,,,,,161
2.940185050152338,1,3.1497445253619785,1.0,1.0,1.0,2.5548095093851764,161
2.9408860574708093,0,,,,,,161
2.941698708978737,1,3.1182559115302495,1.0,0.0,,,161
2.942246714035837,1,2.967800394767909,0.0,,,,161
2.9425985835986253,0,,,,,,161
2.9427649608688013,1,3.0229572348656517,0.0,,,,161
2.9430042255334588,1,3.0130454683096715,1.0,0.0,,,161
2.9433787995851497,0,,,,,,161
2.943654160337265,0,,,,,,161
2.944143342177751,1,3.0841844318745486,1.0,0.0,,,161
2.9452416211907777,1,2.9835375038955037,0.0,,,,161
2.94578789142133,1,2.9931090111504766,1.0,1.0,1.0,2.413583712901063,161
2.946475043418025,1,3.061294579638321,1.0,0.0,,,161
2.946675622465845,1,3.0406712940168896,1.0,0.0,,,161
2.946905838326499,1,3.145438643045054,0.0,,,,161
2.9479592123881786,1,3.0726334611255943,0.0,,,,161
2.9484913045282277,0,,,,,,161
2.948777765634724,0,,,,,,161
2.9489500338235484,0,,,,,,161
2.9496992510075044,1,3.088478149353906,1.0,1.0,1.0,2.3019446161196884,161
2.949778797654991,0,,,,,,161
2.9509919469148422,1,3.163829386920716,0.0,,,,161
2.951037356999333,1,2.975124681095255,1.0,0.0,,,161
2.951360343589069,1,3.1255289777346356,1.0,1.0,1.0,2.6954006441093985,161
2.9521605244434137,0,,,,,,161
2.9525264104972866,1,3.242454707039318,1.0,0.0,,,161
2.9529938751020897,1,3.0936888687872517,1.0,0.0,,,161
2.953158306382756,1,2.971954851326823,1.0,1.0,1.0,2.681934125591657,161
2.9532536688414326,1,3.0375980652193872,0.0,,,,161
2.9535934645904907,1,3.1246021164552116,0.0,,,,161
2.953678072080103,1,3.0278508962969912,1.0,1.0,1.0,2.5417218707018274,161
2.9538765573297927,1,3.104725902000848,0.0,,,,161
2.954006381174236,0,,,,,,161
2.9551465186452477,1,2.9944246816141753,0.0,,,,161
2.9560975343916773,1,3.0761877143734884,1.0,1.0,1.0,2.253625834859365,161
2.956841802517154,1,2.930415231024739,1.0,0.0,,,161
2.9568742779961106,1,3.039532432798715,1.0,1.0,1.0,2.586955935191969,161
2.957007445606938,1,3.148503876103575,0.0,,,,161
2.9580084698417113,1,3.111875428411251,1.0,0.0,,,161
2.95813626864159,0,,,,,,161
2.958403203549375,1,2.9027426032891888,1.0,0.0,,,161
2.9584090461234966,1,3.0793686407401304,1.0,1.0,1.0,2.296155097034983,161
2.958846803259968,0,,,,,,161
2.9589767745346944,1,3.139714750512662,1.0,0.0,,,161
2.9593764816816717,1,2.9632812703454796,0.0,,,,161
2.9593979909268455,1,3.164310595341337,1.0,0.0,,,161
2.9594244601019213,1,3.11093130994993,0.0,,,,161
2.9609149442067846,1,3.163603734194928,1.0,1.0,1.0,2.4368738069701825,161
2.961426730456729,1,3.2616293705212147,1.0,1.0,1.0,2.2530870429510146,161
2.9615945146815355,1,2.985639386517586,1.0,0.0,,,161
2.9621462753762233,1,2.9018847383221513,0.0,,,,161
2.9628416065707954,1,3.213534651921377,0.0,,,,161
2.963435908859673,1,3.110095988625881,1.0,0.0,,,161
2.9639673073556607,1,3.0934638120263567,1.0,0.0,,,161
2.964027483698747,1,2.9816818289443727,1.0,1.0,1.0,2.5760856147198647,161
2.9649014488776957,1,2.9841008066544608,1.0,1.0,1.0,2.106755890089808,161
2.964976873635031,1,3.0133399900741447,1.0,0.0,,,161
2.965276073276441,1,2.8753313816138566,1.0,0.0,,,161
2.965478745546409,1,3.0913708855918283,1.0,1.0,1.0,2.455823755251051,161
2.9655672804771798,1,2.9828463314895544,0.0,,,,161
2.9655857360981215,1,3.031013934828821,1.0,1.0,1.0,2.574227518671227,161
2.9658769533606786,1,2.9585011459919244,1.0,1.0,1.0,2.5034429547248473,161
2.9661440194645916,0,,,,,,161
2.966175132747452,1,3.0688775033585287,1.0,1.0,1.0,2.576108837652538,161
2.9669448077985487,1,3.068816062845234,1.0,1.0,1.0,2.412452838490906,161
2.967788787100148,1,3.0868154410633655,0.0,,,,161
2.968427798038196,1,3.277508619038867,1.0,1.0,1.0,2.732556909225001,161
2.96848979573281,1,2.9756744599613785,1.0,0.0,,,161
2.968633876577,1,3.045759204995335,1.0,1.0,0.0,,161
2.9688613219142646,1,3.1308158742941816,1.0,0.0,,,161
2.969127143628982,1,3.094161379196038,1.0,0.0,,,161
2.9691636019597603,1,3.051721498316314,0.0,,,,161
2.969223632964647,1,2.9947878961576793,1.0,0.0,,,161
2.969479023665695,1,3.064642293315384,0.0,,,,161
2.970454503604328,0,,,,,,161
2.9704731072925736,1,3.103663231586797,0.0,,,,161
2.9704940565294256,1,3.1099740775359392,0.0,,,,161
2.970505541245985,1,3.0790734938845707,1.0,1.0,1.0,2.4796525930901807,161
2.970638418936456,1,3.0677329506241944,0.0,,,,161
2.9712973367433224,1,3.0335598006893503,1.0,0.0,,,161
2.9717878080125133,0,,,,,,161
2.971991381061917,0,,,,,,161
2.972160461908714,0,,,,,,161
2.972474859917201,1,3.1167858799455828,1.0,0.0,,,161
2.9724960267367333,0,,,,,,161
2.973040752006887,1,3.108317025513691,1.0,0.0,,,161
2.9730448307885653,1,3.1178251055705988,0.0,,,,161
2.9732897603677,1,2.8829171477745175,1.0,0.0,,,161
2.973413348474816,1,3.190858142452033,0.0,,,,161
2.9736181233849828,1,3.137580397271235,1.0,1.0,1.0,2.268087529921141,161
2.9742464904544637,1,3.0110611661001556,1.0,0.0,,,161
2.9743743488878875,1,3.0919840860225287,0.0,,,,161
2.9749022219995176,1,3.08958215256205,1.0,0.0,,,161
2.9754506216888736,1,3.199590135712544,0.0,,,,161
2.975546015074383,1,3.0610769420325905,0.0,,,,161
2.9761727164852347,1,3.0235760648327927,1.0,1.0,1.0,2.4107662334239164,161
2.976190070325404,1,3.1348021616317125,1.0,1.0,1.0,2.2821952549040687,161
2.976194541864927,1,3.0608335485647498,0.0,,,,161
2.9770935378425922,1,3.212131392380374,1.0,0.0,,,161
2.9774970796067333,1,2.9826463433672927,0.0,,,,161
2.9775429017342794,1,3.0962026495034936,0.0,,,,161
2.9775919124362087,1,2.9894626689430948,0.0,,,,161
2.9779531261868075,1,2.9799730371074062,1.0,1.0,1.0,2.690364790139155,161
2.9783780144069256,1,2.9880428405256327,0.0,,,,161
2.9786953747602767,1,2.9982780796644044,1.0,1.0,1.0,2.496222715836561,161
2.9791098453410996,1,3.0612829872472336,0.0,,,,161
2.9794695824319373,1,3.0032786164743137,1.0,1.0,0.0,,161
2.9794986984746252,0,,,,,,161
2.9801295058423873,0,,,,,,161
2.9806931308354394,1,3.155119918759947,1.0,0.0,,,161
2.981085172140946,1,3.1585567790771227,1.0,0.0,,,161
2.981098200130602,0,,,,,,161
2.9814220738964434,1,3.072962541494328,0.0,,,,161
2.982460482474317,1,3.082227823052253,0.0,,,,161
2.982746398324453,1,3.1513901707112892,0.0,,,,161
2.982842141055336,1,3.1686528389779065,0.0,,,,161
2.982970324392995,1,3.2182205189118678,1.0,0.0,,,161
2.983784865044676,0,,,,,,161
2.983914451447434,1,2.8618943813242494,1.0,1.0,1.0,2.146313908403614,161
2.9839900066928413,1,3.12486800511129,0.0,,,,161
2.984044686234815,1,3.0392453802947252,0.0,,,,161
2.984243911398363,1,3.081125607004985,1.0,0.0,,,161
2.9845522087350083,1,3.261238568914499,1.0,1.0,1.0,2.116608129069318,161
2.985820286972312,1,3.1937753863362266,1.0,1.0,1.0,2.2168439884563496,161
2.9862705893440586,1,3.1568366451698675,1.0,1.0,0.0,,161
2.986645117763758,1,3.014238865566647,1.0,1.0,1.0,2.0163411822903288,161
2.9866709384774164,1,3.085653299155546,1.0,0.0,,,161
2.987249096294918,0,,,,,,161
2.9874495901447093,1,3.166257578652621,0.0,,,,161
2.9876142060694746,1,3.1184981617898764,0.0,,,,161
2.9876528881166755,0,,,,,,161
2.987733078646164,1,3.060303628233488,1.0,0.0,,,161
2.9878131657848264,1,3.0747848890987357,0.0,,,,161
2.988514542261514,1,3.0402014874581598,0.0,,,,161
2.9888124329847545,1,3.007119927894107,0.0,,,,161
2.9895108086615005,1,2.9415042783061685,1.0,1.0,1.0,2.516992463272312,161
2.9901995606324356,1,3.1996021073742993,0.0,,,,161
2.9902070965231102,1,3.1872891600729236,1.0,0.0,,,161
2.9902538123454985,1,3.1654575056676544,1.0,1.0,1.0,2.5710671820030986,161
2.990276779573246,1,3.0940827844576684,0.0,,,,161
2.991130536991408,1,2.985616757004691,1.0,0.0,,,161
2.991211412490293,1,2.9702487485927005,1.0,1.0,1.0,2.4885528146215514,161
2.991675207513996,1,3.0111755863310465,1.0,1.0,0.0,,161
2.9917481773829264,0,,,,,,161
2.9920581778900477,1,3.1266016873553277,0.0,,,,161
2.9921074718670098,1,3.1919337855557997,1.0,0.0,,,161
2.992175599400025,1,2.9992536620003247,0.0,,,,161
2.9931355060013423,1,2.989025863330558,1.0,1.0,1.0,2.211213596929139,161
2.9932435260219705,1,3.081425387288209,1.0,1.0,1.0,2.339811619047721,161
2.9933232943329804,1,3.0423022836103404,1.0,0.0,,,161
2.9933559499155624,1,3.0882481588310724,0.0,,,,161
2.993671904833748,1,3.0171486792882045,0.0,,,,161
2.9937464360256056,0,,,,,,161
2.9940895783531274,1,3.029168366321934,0.0,,,,161
2.9940977762038843,1,3.2181244138320273,1.0,1.0,1.0,2.342072661181123,161
2.994188297647422,1,3.210265004884931,1.0,0.0,,,161
2.9942713617228507,1,3.0949709491912194,1.0,0.0,,,161
2.9944789215852587,1,3.096303569632471,1.0,1.0,1.0,2.615610195773962,161
2.9946768553400887,0,,,,,,161
2.9950714953228763,1,3.022306313978395,0.0,,,,161
2.995594253386268,1,3.1290596066634064,1.0,1.0,1.0,2.5942794262371227,161
2.9962738389125247,1,2.9517063962092798,0.0,,,,161
2.996460847219079,0,,,,,,161
2.996961195619404,1,2.9578099016417427,1.0,0.0,,,161
2.997331308164811,1,3.0518695141624996,1.0,1.0,1.0,2.567475578662534,161
2.997516992332551,1,3.1589827872103684,0.0,,,,161
2.997696352563161,1,2.965152409833064,1.0,1.0,1.0,2.5382268841871483,161
2.997752330654777,1,3.0617994249905354,1.0,1.0,1.0,2.4026602039286065,161
2.9984386057569794,1,3.0716331313435754,1.0,1.0,0.0,,161
2.9986412768854773,1,3.155922653834602,0.0,,,,161
2.999048202665795,0,,,,,,161
2.9991912792758555,1,3.149320265797858,1.0,0.0,,,161
2.9991933799862056,0,,,,,,161
2.999537958258231,1,2.957804037688755,1.0,1.0,1.0,2.682234014369272,161
2.999618038977889,1,3.131009459502048,1.0,0.0,,,161
2.9999731442681594,1,3.0438590803814702,1.0,1.0,1.0,2.478144468016186,161
3.000238717231457,1,3.0489815805687077,1.0,0.0,,,161
3.0003489498787617,1,2.973689909440941,1.0,1.0,1.0,2.5727816245668933,161
3.0003729276078803,1,3.1009681100166904,0.0,,,,161
3.0003948898588337,1,3.0630226866173342,1.0,1.0,1.0,2.4173975817278563,161
3.000694863650465,1,3.0537283720629724,1.0,0.0,,,161
3.000846225337749,1,2.917106558498691,1.0,0.0,,,161
3.0010866955657387,1,3.100190062004126,1.0,0.0,,,161
3.001290377180863,1,3.1374767126783967,1.0,1.0,1.0,2.770754595912894,161
3.001737580951897,1,3.1244532401474356,0.0,,,,161
3.001748032159885,1,3.1827438933239076,0.0,,,,161
3.0019663319358685,1,3.041989704269547,1.0,0.0,,,161
3.0021134369701126,1,3.0688843659359604,1.0,0.0,,,161
3.0022149768918625,1,2.987907872022253,1.0,0.0,,,161
3.0023492562071628,1,3.104108903572682,1.0,0.0,,,161
3.002529051349632,1,3.1544949534406905,1.0,0.0,,,161
3.0029510688768686,1,3.0382577515469955,1.0,1.0,0.0,,161
3.003204173607964,1,3.0162688168127008,0.0,,,,161
3.0034015217663645,1,2.9779892508721915,1.0,0.0,,,161
3.0034437828209946,1,3.0480885578357326,1.0,0.0,,,161
3.0035243366014908,1,3.1055465759535283,0.0,,,,161
3.003534439099212,0,,,,,,161
3.0042525063377017,1,3.137223250217033,1.0,1.0,1.0,2.3530015902486054,161
3.0047169747129385,1,3.0843781889381554,0.0,,,,161
3.00477777995473,1,3.030518642464328,1.0,1.0,1.0,2.7716889153845545,161
3.0048391357752564,1,3.0525274759297765,0.0,,,,161
3.005093034396511,1,3.1296613474946158,0.0,,,,161
3.0052631121382434,1,3.0813186844092573,1.0,0.0,,,161
3.0052894295541175,1,3.015320597718027,1.0,1.0,1.0,2.4725394468852713,161
3.0053734992292442,1,3.113061802275205,0.0,,,,161
3.005607541286148,1,3.14741476818144,0.0,,,,161
3.005962835449759,1,3.0169133417870633,0.0,,,,161
3.0064232116088747,1,3.1079756905494587,0.0,,,,161
3.0067833502280648,1,3.137622083068535,1.0,0.0,,,161
3.006958736428789,1,2.940998096882653,1.0,1.0,1.0,2.438567163639927,161
3.007163681859596,1,3.101831227924061,1.0,0.0,,,161
3.007426322263201,1,3.0899735148957026,1.0,1.0,1.0,2.676372692201429,161
3.008171417509373,1,3.155307537047306,1.0,0.0,,,161
3.008276371643077,0,,,,,,161
3.008705497038747,1,3.1199292496916033,0.0,,,,161
3.0088102704480266,1,3.0483891769992995,0.0,,,,161
3.0112637702119938,1,3.14386735215885,1.0,1.0,1.0,2.577579618847484,161
3.0112683798234023,0,,,,,,161
3.0112907003482015,1,3.101516705510024,1.0,0.0,,,161
3.0115399018152833,1,3.03477884670355,1.0,0.0,,,161
3.0119440021154995,1,3.1529921690900844,0.0,,,,161
3.012424510972559,1,3.234426626384777,1.0,1.0,1.0,2.581255210369154,161
3.0130231527262588,0,,,,,,161
3.0130956465953025,1,2.986479972827431,1.0,1.0,1.0,2.3349856252352508,161
3.013095943157812,1,3.1629632112449557,1.0,1.0,1.0,2.514563671492884,161
3.0134890407644517,1,3.266197034305901,1.0,0.0,,,161
3.0137584136253124,1,3.0458041015200648,1.0,1.0,1.0,2.763421417497526,161
3.013834292435875,1,3.0343971185997205,1.0,0.0,,,161
3.014050187950946,1,3.0729801847456684,1.0,0.0,,,161
3.0141108097296443,0,,,,,,161
3.014344729084406,1,2.915676684462668,1.0,1.0,1.0,2.4245525234154375,161
3.0150331283297436,1,3.1511959952769337,0.0,,,,161
3.0153916354005017,1,3.0429182908381374,1.0,1.0,1.0,2.7012068635341477,161
3.01601829732114,1,3.010688306692653,1.0,1.0,1.0,2.3616176425174067,161
3.0169964562388034,1,3.01564651343279,1.0,1.0,1.0,2.319137627442333,161
3.0173099776879977,1,3.2007817204647697,1.0,0.0,,,161
3.017314202221239,1,3.0711685599700456,0.0,,,,161
3.017656933495863,1,3.0747045590205695,1.0,0.0,,,161
3.017774752033541,1,3.154724690062705,0.0,,,,161
3.017863287510834,0,,,,,,161
3.0181016746956315,1,3.117925648871941,1.0,1.0,0.0,,161
3.018180050438831,1,2.971907402476399,1.0,0.0,,,161
3.0188396865050917,1,3.0379332575262716,1.0,0.0,,,161
3.0194958254332773,0,,,,,,161
3.019814188617343,1,3.1535698644358354,0.0,,,,161
3.021465858465623,1,3.0959908496517246,1.0,1.0,1.0,2.783001854707864,161
3.0214756596179164,1,3.0630322816558437,1.0,0.0,,,161
3.0216511784597575,1,3.066376071488124,0.0,,,,161
3.022316666707725,1,3.067926364950229,0.0,,,,161
3.022606480384108,1,3.17861538039397,0.0,,,,161
3.023120932924085,1,2.9644274231302328,1.0,0.0,,,161
3.0231586174213407,1,3.0715782891125536,1.0,1.0,1.0,2.733088412338503,161
3.0234169073901525,1,3.175682717525827,0.0,,,,161
3.0241096610760967,1,3.128403237241707,0.0,,,,161
3.0241338202717283,1,3.058285031790861,0.0,,,,161
3.0247153575520813,1,3.1133824663487553,1.0,0.0,,,161
3.024801471282816,1,3.0863593851599482,1.0,1.0,1.0,2.4038991615665792,161
3.024986016124989,1,3.0816009285469423,0.0,,,,161
3.0253122591551977,1,3.051400041622425,1.0,1.0,1.0,2.4272388886221967,161
3.0257600501857236,1,3.0942360192633855,0.0,,,,161
3.0260986370752962,1,3.2294689464207242,1.0,0.0,,,161
3.0262970054006186,1,3.1425052862330753,1.0,0.0,,,161
3.0264278622925014,1,2.946943380548418,1.0,0.0,,,161
3.0265218785589925,1,3.168462749226524,1.0,0.0,,,161
3.0265358818667196,0,,,,,,161
3.026737408954456,0,,,,,,161
3.0268697910487994,1,3.1065562243225266,1.0,1.0,0.0,,161
3.0273575153837093,1,3.0221914990050562,1.0,0.0,,,161
3.027899615205986,1,3.1024340317240693,1.0,0.0,,,161
3.0279118304313926,1,3.236337224341794,1.0,1.0,1.0,2.415322178577916,161
3.02825430236749,1,3.141707826984684,1.0,1.0,1.0,2.5441751431967896,161
3.0286490915618294,1,3.259153447931924,1.0,1.0,1.0,2.674142379142191,161
3.0286982615881857,1,3.1528399111551737,0.0,,,,161
3.028715081269499,0,,,,,,161
3.028722480544949,1,3.1285334982999404,1.0,1.0,1.0,2.5641052744430715,161
3.028751637186311,1,3.1111395010915808,1.0,1.0,1.0,2.4273120237505075,161
3.028762011586856,0,,,,,,161
3.0291599818199337,1,3.0878562326009344,1.0,0.0,,,161
3.0293995036399304,1,3.19928080499859,1.0,0.0,,,161
3.029591221218225,1,3.0824304476020776,1.0,1.0,1.0,2.4160627618421215,161
3.0295961002851826,1,2.8464997915603827,0.0,,,,161
3.030558847171292,1,3.052667326461288,1.0,1.0,1.0,2.5343130833135845,161
3.030621297807382,1,3.1454268992522976,0.0,,,,161
3.030681195143599,1,2.9709583344248878,0.0,,,,161
3.031208438379127,1,3.1630133493305843,1.0,0.0,,,161
3.03143705318412,0,,,,,,161
3.031481701310467,1,2.889033615048188,0.0,,,,161
3.0314958541889747,1,3.115192967153989,1.0,0.0,,,161
3.031594729084541,1,2.997281226469464,1.0,1.0,1.0,2.381260307574575,161
3.032140060035326,1,3.0412045112655988,0.0,,,,161
3.032293203976713,1,3.027539150216417,1.0,0.0,,,161
3.0324021998672146,1,3.178175053748352,0.0,,,,161
3.032618785390705,1,3.1458751015214785,1.0,0.0,,,161
3.0326264204278286,1,3.052954661472754,1.0,0.0,,,161
3.032645622203803,1,2.9835641668308246,1.0,0.0,,,161
3.032818640722974,1,3.1861795786520304,1.0,0.0,,,161
3.0329148514079876,1,3.0712873967586827,1.0,1.0,0.0,,161
3.033260726297042,1,3.0507708190621963,0.0,,,,161
3.0337727923336635,1,3.143593826835139,1.0,1.0,0.0,,161
3.033772864214502,0,,,,,,161
3.0339075434322393,0,,,,,,161
3.033996183117459,1,2.90185716942398,0.0,,,,161
3.03402899775968,1,3.0703819055636283,0.0,,,,161
3.0342856916763448,0,,,,,,161
3.03467448600892,1,3.0788075831638393,1.0,1.0,1.0,2.642227456577379,161
3.0349157890666407,1,3.0551535286706293,0.0,,,,161
3.0349564743607162,1,3.0396744383877907,1.0,0.0,,,161
3.035018803201889,1,3.1312335518917127,1.0,0.0,,,161
3.0350893798334733,1,3.1617453765848342,1.0,1.0,1.0,2.655467506146423,161
3.035093730860587,1,3.0991354624179106,1.0,0.0,,,161
3.0359377332979403,1,3.178943161760112,1.0,1.0,1.0,2.617442503810958,161
3.036200621870877,1,3.062720847900161,0.0,,,,161
3.036265851859038,1,3.134087264376156,0.0,,,,161
3.03631639332987,1,3.1919285847719747,1.0,1.0,1.0,2.3752676280182894,161
3.0363868032291785,1,3.055240293282149,0.0,,,,161
3.0364545301487813,1,3.155828683990164,1.0,0.0,,,161
3.0364591853144614,1,3.04301291988384,0.0,,,,161
3.0364999852941703,1,3.115069762249201,1.0,1.0,0.0,,161
3.0371543744416716,1,2.9661216446901224,0.0,,,,161
3.037455680096217,1,3.125147916027091,1.0,1.0,1.0,2.4690237881349404,161
3.0376205726754364,1,3.1106868666341803,0.0,,,,161
3.0378916887675476,1,3.0344575515389804,1.0,0.0,,,161
3.0379197015331276,1,3.0609912293685015,1.0,1.0,1.0,2.806349617463915,161
3.03826649350627,1,3.1012121312781713,1.0,0.0,,,161
3.0385693501389106,1,3.225277599561823,1.0,0.0,,,161
3.0392028782755554,1,3.029028333975301,0.0,,,,161
3.0393497652427413,1,3.0625813751355597,1.0,1.0,1.0,2.4445166555027162,161
3.0393909714453793,1,3.015755293847569,1.0,1.0,1.0,2.661225873717855,161
3.0398416317480588,1,3.230423553836027,0.0,,,,161
3.0399457416554063,1,3.062987548546877,1.0,0.0,,,161
3.0399584398179256,1,2.9276837388126915,1.0,0.0,,,161
3.0401101855407604,1,3.1191146796929585,1.0,1.0,1.0,2.8236807667306327,161
3.040252123776152,0,,,,,,161
3.0404186101319364,0,,,,,,161
3.040538436473598,1,3.087822519668461,1.0,0.0,,,161
3.0408506793656533,1,3.0558251819027977,1.0,0.0,,,161
3.0409776237086925,1,3.002785758928241,1.0,1.0,1.0,2.4248227422804365,161
3.0410135445541564,1,3.097281879882681,1.0,0.0,,,161
3.0410704358754153,1,3.121652924760764,1.0,0.0,,,161
3.0413012616392985,1,3.2100780184576267,1.0,0.0,,,161
3.0414290619163737,1,3.153081649084708,0.0,,,,161
3.04193952475458,1,3.2067902229108936,0.0,,,,161
3.042679687527415,1,2.9710306973890552,1.0,1.0,1.0,2.458315160882326,161
3.042807478132734,1,3.001923971470222,0.0,,,,161
3.0431413763763295,1,3.0408833956761505,1.0,1.0,1.0,2.4260716728217804,161
3.043160881454288,0,,,,,,161
3.0432111418958816,1,3.173494796593003,1.0,1.0,0.0,,161
3.043416273194669,1,3.0705028744740135,1.0,0.0,,,161
3.0441294190438852,1,3.113415561416124,1.0,0.0,,,161
3.0457089309924505,1,3.0743429719716238,1.0,0.0,,,161
3.045829311115262,1,3.113343104156076,1.0,0.0,,,161
3.0460200478346278,0,,,,,,161
3.046082507018052,1,3.1311544828815543,0.0,,,,161
3.0464365198754084,1,3.1054695715735816,1.0,1.0,0.0,,161
3.046604387282322,1,3.0915871133739565,1.0,1.0,1.0,2.418088683456976,161
3.0466643849374164,1,3.2643973275856886,1.0,1.0,1.0,2.5090554680022783,161
3.0471245847370843,1,3.001344575877112,1.0,0.0,,,161
3.047146526000126,1,3.0772258506366987,1.0,1.0,1.0,2.3488351500678606,161
3.047993952166551,1,3.0718593027994965,0.0,,,,161
3.048063386996611,1,3.0890928962987587,1.0,0.0,,,161
3.0482845993137375,1,3.136403770156045,1.0,1.0,1.0,2.577142114422192,161
3.0484112368810004,1,3.150631289916362,1.0,0.0,,,161
3.0484706816407825,1,3.1025918470856513,1.0,1.0,0.0,,161
3.0487090530699876,1,3.1373805288520877,1.0,1.0,1.0,2.6134447618655803,161
3.0487316943943057,1,3.023823127557798,1.0,0.0,,,161
3.0487730121609147,1,3.0320576162437156,1.0,1.0,1.0,2.31043004770597,161
3.048789665470209,0,,,,,,161
3.0488026314726207,1,3.1228117199779395,1.0,0.0,,,161
3.048840183913577,1,3.2025285781548596,0.0,,,,161
3.0489745542263162,1,3.1298079057749284,1.0,1.0,1.0,2.615612220561038,161
3.04904363523803,1,3.166078956704094,1.0,0.0,,,161
3.049147667422386,1,3.0798012681774685,1.0,1.0,1.0,2.8095348892982726,161
3.049444161238038,1,3.155819955192329,0.0,,,,161
3.049572230145798,1,3.0859442043135505,1.0,1.0,1.0,2.34459336426946,161
3.050005783654293,0,,,,,,161
3.0500980269177536,1,3.140458569839423,0.0,,,,161
3.0504244634647306,0,,,,,,161
3.0506920656885215,1,3.235297556093141,1.0,0.0,,,161
3.050803649243406,1,3.1329507087564537,0.0,,,,161
3.0509335035347984,1,3.212583882125154,1.0,1.0,0.0,,161
3.051285784544179,1,3.005961591303851,0.0,,,,161
3.0512949899532953,1,3.1463561411614966,1.0,0.0,,,161
3.05167462323827,1,3.0424470497543163,0.0,,,,161
3.0517338346778096,1,3.173704801227333,1.0,0.0,,,161
3.0517911076869426,1,2.995345344159093,1.0,1.0,1.0,2.618021232349008,161
3.0523250686913275,1,3.0349327547442373,1.0,1.0,1.0,2.426897605531867,161
3.0523468338210074,1,2.9924225255430295,1.0,1.0,1.0,2.6368686469314397,161
3.052348493720851,1,3.18504739352828,0.0,,,,161
3.0524581025543176,0,,,,,,161
3.052532622951335,0,,,,,,161
3.052597551424535,0,,,,,,161
3.0526882626447964,1,3.3210218761094286,1.0,1.0,1.0,2.491497269204773,161
3.052806567886841,1,3.1657108699867087,1.0,1.0,1.0,2.5827432467328006,161
3.053263477832013,1,3.0652961399001994,1.0,1.0,1.0,2.565255103456426,161
3.053299811438999,0,,,,,,161
3.053575443814608,1,3.070879290562096,0.0,,,,161
3.053674438157374,1,3.060358105641944,0.0,,,,161
3.0537726913411847,1,2.9798875489647156,0.0,,,,161
3.0542602887463186,1,3.2606677212626596,1.0,0.0,,,161
3.0543536504525113,1,3.0355366875268204,1.0,1.0,1.0,2.5709478516923334,161
3.0546827329771586,1,3.070388546570764,1.0,0.0,,,161
3.054812047554655,1,2.970168913675407,1.0,0.0,,,161
3.055144066186336,1,3.265570420894778,1.0,1.0,1.0,2.6255940570766407,161
3.055147826030531,1,3.093610115670271,0.0,,,,161
3.0560327469900535,1,3.1844733314694156,1.0,1.0,1.0,2.6681663747989894,161
3.056423009727522,0,,,,,,161
3.0565905133130595,1,3.1071352805031607,1.0,0.0,,,161
3.057002672962799,1,3.1708485249027647,1.0,1.0,1.0,2.53612479365385,161
3.0572106288646714,1,3.1554911965759556,1.0,1.0,0.0,,161
3.0572613473184074,1,3.1408418616199607,1.0,0.0,,,161
3.0574706504729896,1,3.1057993520650307,0.0,,,,161
3.0577012578137865,0,,,,,,161
3.057812968628765,1,3.102337666041144,0.0,,,,161
3.057924449450465,1,3.1865182088934922,1.0,0.0,,,161
3.057969775482023,1,3.1096516683381727,1.0,1.0,0.0,,161
3.058000247916791,0,,,,,,161
3.0585496157802905,1,3.15340075404904,1.0,1.0,1.0,2.396103956842199,161
3.0585604934190025,1,3.2072188932351042,1.0,0.0,,,161
3.0585802546723295,1,3.0203233544547294,0.0,,,,161
3.0586402568340074,1,3.2962762411333792,1.0,0.0,,,161
3.059235696183953,1,3.231833049335033,0.0,,,,161
3.0594353540416366,1,3.1560170464567516,1.0,0.0,,,161
3.0597561430256532,1,3.0956825680004894,1.0,1.0,1.0,2.4255349310666006,161
3.0598819038142597,1,3.1318468956439616,0.0,,,,161
3.0599760119283377,1,3.1179195086024665,0.0,,,,161
3.0602066717445346,1,3.255269993396294,0.0,,,,161
3.060621241822169,1,3.2753767462234156,1.0,0.0,,,161
3.060669495087456,1,3.1537655009307257,0.0,,,,161
3.060778204585327,1,3.139022357835385,0.0,,,,161
3.0612369858928625,0,,,,,,161
3.061404340142185,0,,,,,,161
3.0619000668355323,1,3.0950894806801426,1.0,1.0,1.0,2.582612201767936,161
3.0624301783462817,1,3.178508498660781,1.0,0.0,,,161
3.0627983800906757,1,3.0375997500470673,1.0,1.0,1.0,2.481775185533763,161
3.0629641020525478,0,,,,,,161
3.063123717599397,0,,,,,,161
3.063301038141322,1,3.174535842571471,1.0,0.0,,,161
3.0636075364621553,1,3.1197576738456747,1.0,1.0,1.0,2.5455699268398537,161
3.0637570986717435,1,3.220399307555797,0.0,,,,161
3.064069344022563,1,3.21244893289243,1.0,0.0,,,161
3.0641250179461155,1,3.2235983611490813,1.0,1.0,0.0,,161
3.0642514692145655,1,3.092867786654007,0.0,,,,161
3.0643832560217366,1,3.120087579340047,1.0,0.0,,,161
3.0645198876397193,1,3.0041097477351437,1.0,1.0,1.0,2.768496051956483,161
3.064773130886846,0,,,,,,161
3.064818053435747,1,2.981050896064171,1.0,0.0,,,161
3.0650993046965547,1,3.1794540823299213,1.0,1.0,1.0,2.691917799083506,161
3.0651939964486163,1,3.118697966084532,1.0,0.0,,,161
3.0653262614917036,1,3.0825539014088394,1.0,0.0,,,161
3.0660153550486404,0,,,,,,161
3.0660351694334578,1,3.2285989843825607,0.0,,,,161
3.0660385179541496,1,3.0571828972609345,0.0,,,,161
3.0662819043543923,0,,,,,,161
3.0663974323849,1,3.1707560796756327,1.0,0.0,,,161
3.0666947717974367,0,,,,,,161
3.066699015659469,1,3.1877149446452693,0.0,,,,161
3.0670780932881208,0,,,,,,161
3.0671868116435417,1,2.9559901800806268,1.0,1.0,1.0,2.3778644413194314,161
3.067310985932378,1,3.1665294129854686,1.0,0.0,,,161
3.0674705136284994,0,,,,,,161
3.0678143213097337,0,,,,,,161
3.0678832291667772,1,3.180161244817402,1.0,0.0,,,161
3.0680469066751606,0,,,,,,161
3.0689165273583736,1,3.021192175416643,1.0,0.0,,,161
3.068962548918142,1,3.0922158650015397,1.0,1.0,0.0,,161
3.0692232529938184,0,,,,,,161
3.0694633190873244,1,3.1526133608632168,1.0,0.0,,,161
3.069716589831017,1,3.1349409340473304,0.0,,,,161
3.070386765871769,1,2.975013350449572,1.0,1.0,1.0,2.5061451242958173,161
3.0704660006273126,1,3.1787922274594624,1.0,1.0,1.0,2.493881200128458,161
3.0705807713242734,1,3.063891494186527,1.0,1.0,1.0,2.4427833918955995,161
3.0706648802508374,1,3.131198913872664,1.0,0.0,,,161
3.070686744916902,1,3.0626931751124,1.0,1.0,1.0,2.335112797069148,161
3.070758339753163,1,2.9751693325827424,1.0,1.0,1.0,2.750526220451327,161
3.070941885721096,0,,,,,,161
3.0710446104400786,1,3.1358618306858106,1.0,1.0,1.0,2.2758778422084918,161
3.0710544502691874,1,3.2081902420362556,1.0,0.0,,,161
3.071223748280555,1,2.947574584016005,0.0,,,,161
3.07150505594285,1,3.1875957480161823,1.0,0.0,,,161
3.071649831215872,1,3.054846760478866,1.0,1.0,1.0,2.3790797036151554,161
3.0716653312014404,1,3.1513558364987646,0.0,,,,161
3.0717151855125446,1,3.0703059943486775,0.0,,,,161
3.071846606782094,1,3.139507978681319,0.0,,,,161
3.0720243717540625,1,3.112079051556439,0.0,,,,161
3.072068386701125,1,3.1257961354305905,1.0,0.0,,,161
3.072876925740042,1,3.1739807317384976,1.0,0.0,,,161
3.072920703144012,1,3.0718549460107565,1.0,1.0,1.0,2.5312383321446323,161
3.0729385495961576,1,3.0413115597697087,0.0,,,,161
3.073008387504032,1,3.129905882165046,1.0,1.0,1.0,2.201339854225304,161
3.0735266761464914,0,,,,,,161
3.0735664924180472,1,3.0733047614117694,1.0,1.0,1.0,2.5868056947982447,161
3.073809342733407,1,3.1070125763539282,1.0,1.0,1.0,2.485116721253731,161
3.0739242560788806,0,,,,,,161
3.074034868390094,1,3.1844127106565985,0.0,,,,161
3.0741548401911496,1,3.0904032631280414,0.0,,,,161
3.0742396739753417,1,3.081409396534488,1.0,0.0,,,161
3.0742779399542886,0,,,,,,161
3.074812595809523,0,,,,,,161
3.074986919201395,1,3.0661070061846885,1.0,1.0,1.0,2.474274819729221,161
3.0752526061783354,1,3.1595582859398106,1.0,0.0,,,161
3.0754295672206253,1,3.0143886364503336,1.0,1.0,1.0,2.3843554463197334,161
3.075490513462711,1,2.9451831679245135,0.0,,,,161
3.075546783366733,1,3.2118838942818573,1.0,1.0,1.0,2.7600289638530704,161
3.075864536113684,1,3.109656027193366,1.0,1.0,1.0,2.534908639587693,161
3.076050576361853,1,3.083997129655348,1.0,0.0,,,161
3.076245898811233,1,3.0631234818290674,1.0,0.0,,,161
3.076269147688302,1,3.1614981652952596,1.0,1.0,1.0,2.3507834528699734,161
3.0763652895820957,1,2.9808553540992895,1.0,0.0,,,161
3.0771538773599256,1,3.0868931573971383,1.0,1.0,1.0,2.5142129263928337,161
3.0777377190408637,1,3.0720677952320945,1.0,1.0,1.0,2.6293145716909687,161
3.0780395078696774,1,3.1658341309318887,1.0,0.0,,,161
3.078046826020672,1,3.057897043179184,0.0,,,,161
3.078060580747828,1,3.0320126525225652,1.0,0.0,,,161
3.0780996860326026,1,3.014738170556214,1.0,0.0,,,161
3.0782238480631805,1,3.0529712696876516,1.0,1.0,1.0,2.5814007409455257,161
3.078269130682316,1,3.0579195699454402,1.0,1.0,1.0,2.3772490987992976,161
3.0784741353150245,1,3.1617862516379502,1.0,0.0,,,161
3.0785551515617477,1,3.018814197094868,0.0,,,,161
3.0788192834025403,1,3.1967657511846386,0.0,,,,161
3.0788763352660884,1,3.1419932338030914,1.0,0.0,,,161
3.0792730074837804,1,3.1713944698896066,0.0,,,,161
3.0793546444961226,1,3.118483945477674,1.0,1.0,1.0,2.416365931233091,161
3.079605424486262,1,3.1011194060706235,1.0,1.0,1.0,2.767882732892067,161
3.0797092647860533,1,3.1450063797005194,0.0,,,,161
3.0799299480671087,0,,,,,,161
3.0799861841417115,1,3.197311273751719,1.0,1.0,1.0,2.6588080672542844,161
3.080183221211982,1,3.206962930457221,1.0,1.0,1.0,2.4794562163465943,161
3.081200453119647,0,,,,,,161
3.0813399542152555,0,,,,,,161
3.081358698829483,1,3.2259729906423185,1.0,1.0,1.0,2.749449990074082,161
3.0813936790530048,1,3.1785766580398684,0.0,,,,161
3.0815375249239874,1,3.0507110987620254,1.0,1.0,1.0,2.3586749835492147,161
3.081596733215804,1,3.2190971115173594,0.0,,,,161
3.0816544543056414,0,,,,,,161
3.081656277693032,1,3.1523032879134556,1.0,1.0,1.0,2.6090984267203736,161
3.0821901138100323,1,3.1095408311329567,1.0,1.0,1.0,2.5666070957340006,161
3.0822176726479293,1,2.940737261223259,1.0,0.0,,,161
3.0825534622487467,1,3.0920396683234648,0.0,,,,161
3.08277158123043,1,3.125474269943949,1.0,1.0,1.0,2.576123969689458,161
3.083064596926543,1,3.243166608543255,0.0,,,,161
3.083616995341708,1,3.232408578233939,1.0,0.0,,,161
3.08369330643902,1,3.232343621688861,1.0,0.0,,,161
3.0839883478606387,1,3.1277466261767692,1.0,1.0,1.0,2.3874127406591863,161
3.084762191977725,1,3.085912586294472,1.0,0.0,,,161
3.0853035194097167,1,3.0872696967974678,1.0,0.0,,,161
3.08530964147739,1,3.283799894077089,1.0,1.0,1.0,2.404930705212075,161
3.085328659040951,1,3.018885407519891,1.0,1.0,0.0,,161
3.0858715473560667,1,3.030756062494038,1.0,1.0,1.0,2.5205905863388485,161
3.085937622842924,0,,,,,,161
3.086087607921888,1,3.217400283961828,1.0,0.0,,,161
3.0861440252791295,1,3.1052430946152567,0.0,,,,161
3.0863656463284324,0,,,,,,161
3.086404861583743,1,3.0635296830798042,1.0,1.0,1.0,2.3865521366200424,161
3.086595791991412,1,3.0901579292112897,1.0,0.0,,,161
3.086646267037801,1,3.1677609476372153,0.0,,,,161
3.0868838481838003,1,3.059826273231645,1.0,0.0,,,161
3.0869384929948507,1,3.0946000229420827,0.0,,,,161
3.0869883732526997,1,3.103767825283543,0.0,,,,161
3.0870115770600686,0,,,,,,161
3.0871645703364043,1,3.0583589190757676,1.0,1.0,1.0,2.459125622483914,161
3.0871694162103696,1,3.2628991687016824,1.0,0.0,,,161
3.087367283154971,1,3.185655558185367,0.0,,,,161
3.087525084498241,1,3.124877613686432,0.0,,,,161
3.0881704856454424,1,3.091988689419326,1.0,1.0,0.0,,161
3.0881745210135354,1,3.0459278714816973,1.0,0.0,,,161
3.0884645167168188,1,3.194234904709731,0.0,,,,161
3.088584627271619,0,,,,,,161
3.08936701013654,1,3.191381605027692,1.0,1.0,1.0,2.6698049289675154,161
3.0894094801671295,1,3.042650302466001,1.0,0.0,,,161
3.0897575902826158,1,3.2830611450938463,1.0,0.0,,,161
3.0901810124782685,1,3.056130715431496,0.0,,,,161
3.0904201781708096,1,3.1477391952888563,1.0,0.0,,,161
3.0904354912785093,0,,,,,,161
3.0907241687166294,0,,,,,,161
3.0907348242358124,1,3.0947457100511873,1.0,1.0,0.0,,161
3.0909797739912044,1,3.1887697023753865,1.0,0.0,,,161
3.0910944871518273,1,3.125854393101369,1.0,1.0,1.0,2.6243641578025465,161
3.0913450699644778,1,3.0869772624851803,1.0,1.0,1.0,2.6503676990363347,161
3.0915167741690603,1,3.1226136293759765,1.0,0.0,,,161
3.0919133855640273,1,3.261145893442983,0.0,,,,161
3.0919542015917516,1,3.1582587140690337,0.0,,,,161
3.092111447775062,1,3.1454049425277786,1.0,0.0,,,161
3.0923403206438125,1,3.1604236528148717,1.0,1.0,1.0,2.6954260266801393,161
3.0923982289440493,1,3.114163990767021,1.0,0.0,,,161
3.092441947570036,1,3.1649407949416246,0.0,,,,161
3.092530795990957,1,3.1358072899736746,1.0,0.0,,,161
3.092942882485564,1,3.2037715497634505,0.0,,,,161
3.093883028597623,1,3.138262331354381,1.0,1.0,1.0,2.6494735135808942,161
3.093959605954046,1,3.0786457532878253,1.0,0.0,,,161
3.094048555619434,1,2.9980423886535283,1.0,1.0,1.0,2.4807463311540943,161
3.094086351126073,0,,,,,,161
3.0940994357610765,1,3.197285184840145,1.0,1.0,1.0,2.674148378816353,161
3.094223548276958,1,3.0430466057568863,1.0,1.0,1.0,2.3970106963983424,161
3.0942443025468496,1,3.0917549345364193,0.0,,,,161
3.094495340517346,1,3.222607337373874,0.0,,,,161
3.0947414296132973,1,3.130882374346032,1.0,1.0,1.0,2.5825086858239525,161
3.0947654282530284,0,,,,,,161
3.094769423428849,1,3.1021967904100434,1.0,1.0,1.0,2.543179931977474,161
3.0950817843079235,1,3.0300379166376383,0.0,,,,161
3.0951136710228297,0,,,,,,161
3.095178734401531,1,3.141221735767442,1.0,1.0,1.0,2.707513156007936,161
3.095198447949097,1,3.2023804551315047,0.0,,,,161
3.0953883512002927,1,3.041011868927041,0.0,,,,161
3.0954641656015704,0,,,,,,161
3.095971925545411,1,3.2065969928882025,1.0,0.0,,,161
3.095999282224127,1,3.1165944091152946,0.0,,,,161
3.0960823194114777,0,,,,,,161
3.0962455585286177,1,3.0525209925544163,1.0,0.0,,,161
3.0962722875102733,1,3.053138268003717,0.0,,,,161
3.0962770320209603,1,3.156578477422716,1.0,1.0,1.0,2.450142727058917,161
3.0963607821754375,1,3.181102789915212,1.0,1.0,1.0,2.644322331408835,161
3.096422567832789,1,3.0398434728033554,1.0,1.0,0.0,,161
3.0964984325589033,1,3.221085938911833,1.0,1.0,1.0,2.6733438550014617,161
3.096807702257957,1,3.0664541451142324,0.0,,,,161
3.0968543779972606,1,3.2302269989447567,1.0,1.0,1.0,2.4421663259402657,161
3.0969295951973215,1,3.152084428103954,1.0,1.0,1.0,2.794572279022626,161
3.097146752628196,1,3.2244492692447957,1.0,0.0,,,161
3.097225003236401,1,3.120745426474329,1.0,0.0,,,161
3.097305113901086,1,3.211298391649796,1.0,1.0,1.0,2.5172106679970434,161
3.097580302929563,1,3.1043008737265905,1.0,1.0,1.0,2.4873913378825865,161
3.097798147113534,1,3.1238937361440064,0.0,,,,161
3.0980297043825495,0,,,,,,161
3.0980333555208306,1,3.0783507820398213,0.0,,,,161
3.0981504741408523,1,3.0239683308405527,1.0,0.0,,,161
3.0982988214062086,1,3.1321916355077826,1.0,1.0,1.0,2.4638012730410366,161
3.09835855853513,1,3.2026816738549346,0.0,,,,161
3.098418227297499,1,3.0812711602792637,1.0,0.0,,,161
3.0985600746486,1,3.1852498569119736,1.0,0.0,,,161
3.098753975639184,1,3.150953708503637,1.0,0.0,,,161
3.0987709191434263,0,,,,,,161
3.098878386073734,1,3.180100618460575,1.0,0.0,,,161
3.0989919099353953,1,3.059358953136423,1.0,1.0,1.0,2.7895099711663214,161
3.099061763133975,1,3.062321606014176,1.0,0.0,,,161
3.0992134341908155,1,3.3310871330059326,0.0,,,,161
3.0993309779735094,1,3.0485472126423456,1.0,1.0,1.0,2.612329525307,161
3.099352875224669,1,3.0614325950081938,0.0,,,,161
3.099425468753139,0,,,,,,161
3.0994328227722914,1,3.215914237549375,0.0,,,,161
3.0995110790521316,1,2.978023649775047,1.0,1.0,1.0,2.6095139177122286,161
3.0996083591970067,1,3.2002138160703115,1.0,1.0,1.0,2.513771505530841,161
3.099769395574223,1,3.1947547599944417,1.0,1.0,1.0,2.5216312662661906,161
3.0999361164046224,1,3.0586338890242577,1.0,0.0,,,161
3.100016939346738,1,3.146282097569595,1.0,1.0,1.0,2.298494018371343,161
3.1000882871507836,1,3.0764199293193575,1.0,0.0,,,161
3.100141994397236,1,3.2928648539063587,1.0,1.0,1.0,2.7423421644845907,161
3.100433623350293,0,,,,,,161
3.1005111614866525,1,3.1199260907092268,1.0,0.0,,,161
3.100564591723917,0,,,,,,161
3.100577471976772,1,3.0441948721189784,0.0,,,,161
3.1007004816862485,1,3.118765269631047,1.0,1.0,0.0,,161
3.100802722869484,1,3.0299277462932817,1.0,0.0,,,161
3.100896792507964,1,3.213252332208874,1.0,0.0,,,161
3.101018462803926,1,3.1438370222689533,0.0,,,,161
3.101066888610935,1,3.193504712807632,1.0,0.0,,,161
3.101451839978807,0,,,,,,161
3.101762183140216,1,3.160927964819299,1.0,0.0,,,161
3.1018245766634434,1,3.239889329692175,1.0,1.0,1.0,2.6825781853725736,161
3.101963770109457,1,3.169588463219527,1.0,0.0,,,161
3.1020082501955746,1,3.1591994634625022,0.0,,,,161
3.1021373991638566,1,3.1330709866727084,0.0,,,,161
3.1021559812882313,1,3.0995511441761576,0.0,,,,161
3.1023078922821328,1,3.2120481406648183,1.0,0.0,,,161
3.102488629004433,1,3.1306512341960757,0.0,,,,161
3.10280426546246,1,3.0808203521054773,1.0,0.0,,,161
3.1028322626893976,1,3.0615763985880116,0.0,,,,161
3.1029291566634614,1,3.2531023490857964,1.0,0.0,,,161
3.1029470621541044,0,,,,,,161
3.103008760701855,0,,,,,,161
3.1030271197569705,0,,,,,,161
3.1030382699061034,0,,,,,,161
3.1032733267879578,1,3.2341078680470883,1.0,1.0,1.0,2.513932998652486,161
3.103452637691898,0,,,,,,161
3.1034940293949167,1,3.277500276435832,1.0,1.0,1.0,2.4903250514295086,161
3.1037806229835327,0,,,,,,161
3.103976103326377,1,3.0960474925300563,1.0,0.0,,,161
3.1040470394831594,1,3.15298846686923,1.0,0.0,,,161
3.104100374074819,1,3.1803978926005168,1.0,0.0,,,161
3.104145551095097,1,3.136573160033535,1.0,0.0,,,161
3.1045587017327962,1,3.1567551980685935,1.0,1.0,1.0,2.7411454464777516,161
3.1046438811808335,1,3.2071464865534516,1.0,0.0,,,161
3.104740034813816,1,3.191155407203036,1.0,1.0,1.0,2.440726031771873,161
3.10477700609585,1,3.149200040475216,1.0,0.0,,,161
3.1049583866233936,1,3.2132057931798568,1.0,1.0,1.0,2.3946911387612073,161
3.1051676899804175,1,3.202101615012924,0.0,,,,161
3.105287771147724,1,3.184938164037842,1.0,1.0,1.0,2.632972416313015,161
3.1053302979226403,0,,,,,,161
3.1055173968008973,1,3.278969582027816,1.0,1.0,1.0,2.6709292607597597,161
3.105784321651986,1,3.1134584734835657,0.0,,,,161
3.106121340940682,1,3.1446099141415433,1.0,1.0,0.0,,161
3.1062311630053143,1,3.233206773797597,0.0,,,,161
3.106260582290729,1,3.1720557102080433,1.0,0.0,,,161
3.106311646935425,1,3.0653575047660206,1.0,1.0,1.0,2.4264050854607504,161
3.1065265742944606,1,3.2512182738727424,1.0,1.0,1.0,2.6876539624594784,161
3.106676067372318,1,3.0964266077238674,1.0,0.0,,,161
3.1068432036156843,0,,,,,,161
3.106911375229388,1,3.077795393185148,0.0,,,,161
3.1073811155770343,0,,,,,,161
3.1076205969912465,1,3.2183361419643717,0.0,,,,161
3.1077361327507105,1,3.23964936486442,1.0,0.0,,,161
3.1077548641715875,1,3.026952738842937,1.0,0.0,,,161
3.107756257444367,1,3.0723062423574325,0.0,,,,161
3.1078370129157395,1,3.2152719414045987,0.0,,,,161
3.1079252947984104,1,3.27717592405185,1.0,1.0,1.0,2.5074547750631777,161
3.1080930894682575,1,3.0884905084652923,1.0,1.0,1.0,2.6625091085684964,161
3.1081644944610254,1,3.119501689854121,1.0,0.0,,,161
3.1085134551603755,1,3.0944705300864066,0.0,,,,161
3.1085807238229357,0,,,,,,161
3.1089683642250243,1,3.113293669896221,1.0,0.0,,,161
3.1090983966109667,1,3.232864652648235,1.0,0.0,,,161
3.1092869929344022,0,,,,,,161
3.1092963299726106,1,3.102675881713673,1.0,0.0,,,161
3.109652817020907,1,3.12946747976357,0.0,,,,161
3.110138473467537,0,,,,,,161
3.110396236841867,1,3.193822523190136,0.0,,,,161
3.1107086299754747,1,3.1845856583872636,1.0,1.0,1.0,2.7735383498079127,161
3.110743366758413,1,3.0459368245265597,0.0,,,,161
3.110747864753108,1,3.0845926667634704,0.0,,,,161
3.110865300267303,1,2.987512618998705,1.0,1.0,1.0,2.503434992381037,161
3.1116376877018253,1,3.0127174414733933,1.0,1.0,1.0,2.598577033189873,161
3.1119599867993686,1,3.200961451553015,0.0,,,,161
3.1120054782695417,1,3.1126088933443707,1.0,0.0,,,161
3.1120723920443316,1,3.0019148272413907,0.0,,,,161
3.112080839328018,1,3.1130894646346996,1.0,0.0,,,161
3.1121607013057835,1,3.1580363530870166,1.0,0.0,,,161
3.1122179940265915,1,3.3045733813415317,1.0,0.0,,,161
3.1123232135293426,1,3.134922113147811,0.0,,,,161
3.1126713631715095,1,3.050386602205268,1.0,0.0,,,161
3.1130207961081107,0,,,,,,161
3.1131688837346974,1,3.103264849784753,1.0,1.0,1.0,2.5353000433992445,161
3.113537791937875,1,3.1106196297679594,1.0,1.0,1.0,2.6461749732042485,161
3.1135452440441935,1,3.068775318941623,1.0,1.0,1.0,2.598042355801917,161
3.113707158348579,1,3.154730019282377,1.0,1.0,1.0,2.712216605983582,161
3.113736293764695,1,3.0985860581598956,0.0,,,,161
3.1137869751564224,1,3.171364567020279,1.0,1.0,1.0,2.3913899391080906,161
3.1138046189860553,0,,,,,,161
3.113843345670767,1,3.1022296158573544,0.0,,,,161
3.1138567590901416,1,3.04870354253349,1.0,0.0,,,161
3.113880789508834,1,3.1727704776963734,0.0,,,,161
3.1139549223575687,1,3.070237424360074,1.0,1.0,1.0,2.5412377872502896,161
3.114216332386593,0,,,,,,161
3.114987718494917,1,3.2961778282720307,1.0,1.0,1.0,2.4155540408756035,161
3.115122818235367,1,2.994531657073944,0.0,,,,161
3.115358324267764,1,3.120561192149244,1.0,0.0,,,161
3.115418206632882,1,3.182916647305049,0.0,,,,161
3.1155059953794697,0,,,,,,161
3.1158503360568264,1,3.1530338386871524,0.0,,,,161
3.115881679043259,1,3.0799675774185715,1.0,1.0,1.0,2.120766058151023,161
3.1160726917358628,1,3.125795140126335,1.0,1.0,1.0,3.0735738615215444,161
3.1160865990084847,1,3.0948519209996275,0.0,,,,161
3.1163748428361586,0,,,,,,161
3.1164646958755893,1,3.297956090221062,1.0,0.0,,,161
3.1165330637601945,1,3.2682017992856394,1.0,0.0,,,161
3.116852883016677,1,3.161043225300649,1.0,1.0,1.0,2.469504721746354,161
3.1170452124979704,1,3.1529674540440107,0.0,,,,161
3.1172134746607787,1,3.1280596311516415,1.0,1.0,1.0,2.6016270093280554,161
3.1174061344211315,1,3.266646885255296,0.0,,,,161
3.117799337207695,0,,,,,,161
3.118023065479263,1,3.2737228020930518,0.0,,,,161
3.1180239518278268,1,3.2417014320192625,0.0,,,,161
3.1180472626000015,1,3.14685655600671,1.0,0.0,,,161
3.1183363283803107,1,3.0880408668335657,1.0,1.0,1.0,2.3403884680520783,161
3.11843684995973,1,3.240168079682363,0.0,,,,161
3.1185541665377627,1,3.079409593288218,0.0,,,,161
3.118657837435161,1,3.294248208376774,1.0,0.0,,,161
3.118666400927849,0,,,,,,161
3.118816105398706,1,3.2031359904071826,0.0,,,,161
3.1189364038938554,0,,,,,,161
3.119121971477463,1,3.1284304492434942,1.0,1.0,1.0,2.2697816819294214,161
3.1192207313778955,1,3.2817254751840044,1.0,1.0,1.0,2.3820857069249652,161
3.1193869807158205,1,3.103507133990111,0.0,,,,161
3.1195423024397013,1,3.1719192632365822,1.0,0.0,,,161
3.12008589980641,1,3.076466246523855,1.0,0.0,,,161
3.120202163442386,1,3.1718113101607788,0.0,,,,161
3.120203885272831,1,3.1294168186214164,1.0,1.0,1.0,2.782169548674537,161
3.1204795512975316,1,3.311196325162851,1.0,1.0,1.0,2.6554304234644244,161
3.120721451014283,1,3.348267888317098,1.0,0.0,,,161
3.1209420382216524,1,3.246968522528345,1.0,1.0,1.0,2.6666142078045945,161
3.1212459152829704,1,3.137468338178513,1.0,1.0,1.0,2.518949346926461,161
3.121454163406872,1,3.08579131726084,0.0,,,,161
3.121490827253354,1,3.2561752728883344,1.0,1.0,1.0,2.3315688164015627,161
3.121699638393453,1,3.1340939982518288,0.0,,,,161
3.1217412271927167,1,3.1451080738459236,0.0,,,,161
3.1219238937377076,1,3.178904502931441,0.0,,,,161
3.1220370684470384,1,3.1436021684539326,1.0,1.0,1.0,2.755491280871777,161
3.1222855753128878,1,3.1379793300060754,0.0,,,,161
3.1223971103374333,1,3.087631217088083,0.0,,,,161
3.1224002887967512,1,3.022182452893471,0.0,,,,161
3.1227260485331754,0,,,,,,161
3.1228168437569725,1,3.0291660692642868,0.0,,,,161
3.122820517642745,1,3.1525149867691016,1.0,0.0,,,161
3.1228432311764376,1,3.072132329962505,1.0,0.0,,,161
3.122878740026692,1,3.1535257106744017,1.0,0.0,,,161
3.122922407396686,1,3.2374296239222033,1.0,1.0,1.0,2.7308939733218214,161
3.1229342917917613,1,3.163459478203986,0.0,,,,161
3.1230622519736686,0,,,,,,161
3.123084310946272,1,3.170312473586729,0.0,,,,161
3.123104269596086,1,3.269403580578012,0.0,,,,161
3.123427469559623,1,3.0626572448459886,1.0,1.0,1.0,2.69692036274469,161
3.1235759372663114,1,3.1547280886783913,1.0,0.0,,,161
3.123933972348369,1,3.2028461358386147,1.0,1.0,1.0,2.729657641552717,161
3.1239587901350645,1,3.260734972129039,1.0,0.0,,,161
3.1243710966967773,1,3.205236990194768,1.0,0.0,,,161
3.1245919664185333,1,3.146274778603088,1.0,1.0,1.0,2.4553562239908886,161
3.12475457704995,1,3.1950984322973435,1.0,0.0,,,161
3.1247915049720065,0,,,,,,161
3.1250063440781286,1,3.2523065384552026,1.0,0.0,,,161
3.1254149694328386,1,3.156094162489503,0.0,,,,161
3.125674676850577,1,3.236460703331847,1.0,1.0,1.0,2.3434379539698966,161
3.125676432384461,1,3.2046533362106993,0.0,,,,161
3.125733110244916,1,3.151811424696571,1.0,1.0,1.0,2.3085595265553462,161
3.126293541573241,0,,,,,,161
3.126364587054176,1,3.1140048057858802,1.0,1.0,0.0,,161
3.1263870506017546,1,3.036093102205255,0.0,,,,161
3.126577910401408,1,3.2242373454972992,1.0,0.0,,,161
3.126584214132887,0,,,,,,161
3.1266737611686204,0,,,,,,161
3.126982264662921,1,3.1909820946787497,1.0,1.0,1.0,2.5348805263030143,161
3.12742646278158,1,3.0856869268710603,1.0,1.0,1.0,2.457144615571575,161
3.1274766329194197,1,3.215794273968076,1.0,1.0,1.0,2.608490786686144,161
3.1274982446419126,1,3.093354990701722,1.0,0.0,,,161
3.1278428074511058,0,,,,,,161
3.1281887650640225,1,3.177586288527216,1.0,1.0,1.0,2.688143481868578,161
3.1284268795201635,1,3.0170009634545836,0.0,,,,161
3.128520524357005,1,3.1011245732024104,1.0,1.0,0.0,,161
3.128621397099132,1,3.066151456808818,1.0,0.0,,,161
3.1286724959114784,1,3.1322619473940017,1.0,1.0,1.0,2.291651881931199,161
3.1288833556819586,1,3.296336507858974,1.0,0.0,,,161
3.128983659891495,1,3.1040453171901436,1.0,1.0,1.0,2.5528769979360417,161
3.129052149542641,0,,,,,,161
3.1291674912419807,1,3.2297604229989214,1.0,0.0,,,161
3.1291776448528106,0,,,,,,161
3.1292746087539607,1,3.050108693392629,1.0,0.0,,,161
3.129306205561756,0,,,,,,161
3.1296174707645745,1,3.317125718991742,1.0,1.0,1.0,2.635260974652994,161
3.1296387761931768,1,3.258011690614967,1.0,0.0,,,161
3.129741910767199,1,3.105038145598524,1.0,1.0,0.0,,161
3.1298040922718924,1,3.1084681592962826,1.0,1.0,1.0,2.415544832925469,161
3.129964706591198,1,3.0982875720570124,1.0,1.0,1.0,2.443590423226532,161
3.129982240626499,1,3.043589025254477,0.0,,,,161
3.1302312227516382,1,3.2764890015357153,1.0,1.0,1.0,2.472529681129158,161
3.1302535959423383,1,3.308303371427135,1.0,0.0,,,161
3.1304268948000913,0,,,,,,161
3.130430473209954,1,3.1184982100545757,0.0,,,,161
3.1304587768760284,1,3.139551493813621,0.0,,,,161
3.1305602996516884,1,3.1083379597073146,1.0,1.0,1.0,2.3981524240793113,161
3.130669897882337,1,3.296784270031174,1.0,0.0,,,161
3.130725130724758,1,3.2195757784943795,0.0,,,,161
3.1308072104351337,1,3.1832606978896067,1.0,1.0,1.0,2.835110738835526,161
3.13086756659972,1,3.145962221797674,1.0,1.0,1.0,2.7678343604590805,161
3.1309540242823086,1,3.202204177384724,1.0,0.0,,,161
3.131068249364689,1,3.033145645902578,1.0,0.0,,,161
3.1310696760938743,1,3.1576838199597184,1.0,0.0,,,161
3.1312614077566026,1,3.1533657325634312,1.0,0.0,,,161
3.1313874309687386,1,3.249246059288035,1.0,0.0,,,161
3.1313996342867605,1,3.1407115388094335,1.0,0.0,,,161
3.1314531017587477,1,3.2510864376566198,1.0,0.0,,,161
3.1314733369011125,1,3.257213097485261,0.0,,,,161
3.1316333541260026,1,3.1862434737320107,0.0,,,,161
3.1316848849667154,1,3.154046049625993,0.0,,,,161
3.1316878216645625,1,3.2318882479864817,1.0,0.0,,,161
3.13184708605569,1,3.077964866239671,0.0,,,,161
3.13197452446527,1,3.2539212862427203,1.0,0.0,,,161
3.1320295249494685,1,3.110198322462634,1.0,0.0,,,161
3.132074531791431,1,3.084227980460229,0.0,,,,161
3.132528739349957,1,3.1557668542434136,1.0,0.0,,,161
3.1326124716470134,1,3.165628892372341,0.0,,,,161
3.1326706709211263,1,3.254607370121319,1.0,1.0,1.0,2.6550184142380937,161
3.132860585228114,1,3.2577335797585993,1.0,0.0,,,161
3.13299330814038,1,3.0859611195102405,0.0,,,,161
3.133023345666863,1,3.113195325820307,1.0,1.0,1.0,2.39812782796627,161
3.133168867324879,1,3.2397190526557407,0.0,,,,161
3.133219419013902,1,2.9963654762114618,1.0,0.0,,,161
3.1332237632674254,1,3.167007068529118,1.0,1.0,1.0,2.558270065246377,161
3.1334935824808716,1,3.2082356619591326,0.0,,,,161
3.1335228121353564,1,2.9786935441658113,1.0,0.0,,,161
3.13356934428021,1,3.0925272187886907,1.0,1.0,1.0,2.726472454152902,161
3.1338292269546733,1,3.1023963441743807,0.0,,,,161
3.1339478391384397,1,3.114199012955441,1.0,1.0,1.0,2.7180020848531585,161
3.1342247955627154,1,3.220023489925754,1.0,1.0,1.0,2.3743859303718606,161
3.1343317156491723,1,3.139579094060912,1.0,1.0,0.0,,161
3.135029638023501,1,3.0056219052579736,1.0,0.0,,,161
3.135063849243346,1,3.1451852507666183,1.0,0.0,,,161
3.135151987090072,1,3.15144098325967,1.0,0.0,,,161
3.13521308869213,1,3.232884711025136,1.0,0.0,,,161
3.1354284529668957,1,3.096530052916804,0.0,,,,161
3.1354873070839937,1,3.1139877477601896,1.0,1.0,1.0,2.547102057342423,161
3.1355059519342285,1,3.0247952780662968,0.0,,,,161
3.135953125684559,0,,,,,,161
3.136055150434748,1,3.208927324503079,1.0,1.0,0.0,,161
3.136293906111227,1,3.173779502041684,1.0,0.0,,,161
3.136384639277185,1,3.360952812867599,1.0,1.0,1.0,2.3971174297825995,161
3.136808871126636,1,3.161951843575955,1.0,1.0,1.0,2.2543327392833685,161
3.1369064176523773,1,3.2497133813966195,1.0,1.0,1.0,2.461689107618407,161
3.136917287828066,1,3.144888210828768,1.0,1.0,1.0,2.6818008305099705,161
3.1370808940620685,1,3.2395269657354846,1.0,1.0,1.0,2.344732598017935,161
3.1372062889447947,1,3.0604923305476914,1.0,1.0,0.0,,161
3.137288914339822,1,3.1467140793045494,0.0,,,,161
3.137466977247437,1,3.081790093276282,1.0,1.0,0.0,,161
3.137566398763541,1,3.2558588955355616,1.0,0.0,,,161
3.1376159694967543,1,3.083576444988555,1.0,1.0,1.0,2.5739225524543308,161
3.1376503474033752,1,3.037217492152925,1.0,1.0,1.0,2.58729076034046,161
3.1377968208417757,1,3.1017612745846113,1.0,1.0,1.0,2.8369706211839127,161
3.1379851946436177,1,3.072555803772058,1.0,0.0,,,161
3.138086482223796,1,3.242686121015589,0.0,,,,161
3.1383699059476253,1,3.3058524075486777,1.0,1.0,0.0,,161
3.138594233614186,1,3.104641088075295,1.0,1.0,1.0,2.611416747137378,161
3.138624266952826,1,3.050063523515165,0.0,,,,161
3.138625050623941,1,3.1856877284246616,1.0,0.0,,,161
3.1387160547783037,1,3.184907898791584,1.0,0.0,,,161
3.1388795063120574,0,,,,,,161
3.1389848554894426,1,3.057798565693229,1.0,0.0,,,161
3.139002907797884,1,3.1292796140014794,0.0,,,,161
3.139063745261847,1,3.1293127006837222,0.0,,,,161
3.1391699900244103,1,3.136402008318542,1.0,1.0,1.0,2.2828134490010026,161
3.1394467908387216,1,2.8923846848992736,1.0,0.0,,,161
3.139520130544041,1,3.1453412041094033,1.0,0.0,,,161
3.1395461948685695,1,3.2668009810657006,0.0,,,,161
3.1395581520736098,1,3.1409811576271562,1.0,1.0,0.0,,161
3.139767947585319,1,3.074069003897771,1.0,1.0,1.0,2.3584212315291784,161
3.1400325403442917,1,3.1136240104581416,1.0,1.0,1.0,2.2028334304409487,161
3.140066963779363,1,3.221276537070783,0.0,,,,161
3.1400902564369684,1,3.2784860654882713,1.0,0.0,,,161
3.1402814696541874,1,3.1531904952681535,1.0,1.0,1.0,2.9422948914709255,161
3.140323670528341,1,2.9750722768124485,0.0,,,,161
3.14033895091978,1,3.079486611670595,1.0,1.0,1.0,2.896811364406551,161
3.1403943826580183,1,3.0708787180943453,1.0,1.0,1.0,2.4790630336387562,161
3.140421853807261,1,3.1586477634801615,1.0,0.0,,,161
3.140546554378528,1,3.2993807137035596,0.0,,,,161
3.1406584450275963,1,3.1380172478760473,1.0,1.0,1.0,2.6930546882645117,161
3.140756292669488,1,3.0269439280775203,0.0,,,,161
3.141053419765273,1,3.114024079319248,1.0,1.0,0.0,,161
3.1417083871030673,1,3.169274014407312,1.0,1.0,0.0,,161
3.1420844004407424,1,3.203867712294506,1.0,0.0,,,161
3.1420955608530448,0,,,,,,161
3.1421954044503817,1,3.081280501749885,1.0,1.0,1.0,2.7249169423166837,161
3.1424089646334217,1,3.1040555010420716,1.0,1.0,0.0,,161
3.1424528381728893,1,3.1721743677736005,1.0,0.0,,,161
3.142538052262195,1,3.1043323860766168,1.0,0.0,,,161
3.142662652532244,1,3.0847865401322037,1.0,0.0,,,161
3.142767505270458,1,3.131710831931834,1.0,0.0,,,161
3.1428644692048593,1,3.1725646306334334,1.0,1.0,1.0,2.626345148258014,161
3.142874554897291,1,3.185552857725554,1.0,1.0,1.0,2.8814169178800677,161
3.1429031411403967,1,3.173854395780162,0.0,,,,161
3.1430810086335277,1,3.30344505608102,1.0,0.0,,,161
3.1434428933562253,1,3.045530114420788,1.0,0.0,,,161
3.143584963906903,1,3.1824591720335746,1.0,1.0,1.0,2.3913517319790403,161
3.1435935127964836,1,3.07031773694064,1.0,0.0,,,161
3.1438573898161875,1,3.186373906779744,1.0,1.0,1.0,2.398214650716489,161
3.144090641185958,1,3.2223835724128973,1.0,0.0,,,161
3.144105526896548,1,2.985597853875035,1.0,1.0,1.0,2.5146290683432397,161
3.144110303676665,1,3.3269659631703763,1.0,0.0,,,161
3.144180026926069,1,3.2165010653913564,1.0,1.0,0.0,,161
3.1443267012597897,1,3.1273990788356647,1.0,0.0,,,161
3.1445246813451324,1,3.270891200718074,1.0,0.0,,,161
3.1446366316939045,1,3.1176150628309225,1.0,1.0,1.0,2.5391949353951793,161
3.145106264397291,1,3.0735393311392327,0.0,,,,161
3.1452534376914376,1,3.1121314472812576,0.0,,,,161
3.1453082848164056,1,3.2473904023085245,1.0,1.0,1.0,2.698496320686493,161
3.145480788435968,1,3.2724054980808117,1.0,1.0,1.0,2.431915400044687,161
3.1455275442300863,1,3.2761478671341147,1.0,1.0,1.0,2.7845313588845695,161
3.1455714624435798,1,2.9604131768350976,1.0,0.0,,,161
3.1459032894046164,1,3.063655522044916,0.0,,,,161
3.1464285925145523,1,3.2348162299228753,1.0,1.0,1.0,2.566159644015053,161
3.1471236470413744,1,3.232050082190819,1.0,0.0,,,161
3.1471496382402995,1,3.260953428681618,1.0,0.0,,,161
3.1472148976714625,1,3.1988373718992147,1.0,0.0,,,161
3.147317681794953,1,3.0801705716919385,0.0,,,,161
3.147404986976324,0,,,,,,161
3.147437106995255,1,3.2538540413993657,0.0,,,,161
3.14753367579317,1,3.129332319542625,1.0,0.0,,,161
3.1480921387636696,1,3.0951887698810294,0.0,,,,161
3.148216434360811,1,3.1836169972740467,1.0,0.0,,,161
3.1482204675126875,1,3.1933182449943756,1.0,1.0,1.0,2.511875258649817,161
3.148518123707832,1,3.1560944502525494,1.0,0.0,,,161
3.1485292352760785,0,,,,,,161
3.1485398891465084,1,3.1439512525470326,1.0,0.0,,,161
3.148577820164382,1,3.1911778634712005,0.0,,,,161
3.148733169416884,1,3.103716858945078,0.0,,,,161
3.1488893642131237,1,3.256075423169694,0.0,,,,161
3.14894188161897,1,3.1520568466072296,1.0,1.0,1.0,2.5923387703431504,161
3.1490202919034243,1,3.1911943828058926,1.0,1.0,1.0,2.433362846158756,161
3.1490487435186227,1,3.3274653482262777,1.0,1.0,1.0,2.552494583391076,161
3.149220982268348,1,3.2204863421729213,0.0,,,,161
3.149402760609548,1,2.9859327880357664,0.0,,,,161
3.1494880694739,1,3.1657288374101267,1.0,0.0,,,161
3.149546678980721,1,3.268322231188768,1.0,1.0,1.0,2.5596826230691843,161
3.1496046674803595,1,3.121462042252228,1.0,0.0,,,161
3.1496157715003816,1,3.2140879670431093,1.0,1.0,1.0,2.2794642581565294,161
3.149663225516479,1,3.273005958010421,1.0,0.0,,,161
3.149759156579963,1,3.2216145066402766,1.0,1.0,1.0,2.6723160463724813,161
3.149886917778763,1,3.2105051139167218,1.0,1.0,1.0,2.8857346624657745,161
3.149937098795147,1,3.1480587939898124,1.0,0.0,,,161
3.14995471512533,0,,,,,,161
3.149978315972592,1,3.1055071318536642,1.0,1.0,1.0,2.507285129117647,161
3.150295631013979,1,3.251582935694759,1.0,0.0,,,161
3.1503291877299464,0,,,,,,161
3.1503489765546115,1,3.1475719239036866,1.0,1.0,1.0,2.696520306204765,161
3.150370662810139,1,3.0619746281478846,1.0,1.0,1.0,2.4688266676835635,161
3.1504059651873866,1,3.1182298583058854,0.0,,,,161
3.150529447155803,1,3.146967412822327,1.0,1.0,0.0,,161
3.150625699386646,1,3.1429675881810484,1.0,1.0,0.0,,161
3.1506366694612495,1,3.1224258178462367,1.0,1.0,1.0,2.7141416493687696,161
3.1506499539932897,1,3.1169727676563816,1.0,0.0,,,161
3.1508385497004348,1,3.3951417604704495,1.0,1.0,1.0,2.5136686957559546,161
3.150939556013321,1,3.1624518595776907,0.0,,,,161
3.151047448141051,1,3.2067060027944287,1.0,0.0,,,161
3.151188806540404,1,3.3343073311663116,1.0,0.0,,,161
3.151269493496265,1,3.085298544080537,1.0,1.0,1.0,2.7342650015060688,161
3.151538084109204,1,3.2328942191386174,1.0,1.0,1.0,2.6985439122837596,161
3.151661176557694,1,3.158198033930502,0.0,,,,161
3.1518912728656137,1,3.2208013660280983,1.0,0.0,,,161
3.152123935992259,1,3.1961062742842783,1.0,0.0,,,161
3.1523586028862574,1,3.2142793559763176,1.0,0.0,,,161
3.152668080617377,1,3.1293910948911856,1.0,0.0,,,161
3.152681593858387,1,3.152457887090304,1.0,1.0,1.0,2.312031997320888,161
3.15276345955257,1,3.2290768776672985,1.0,0.0,,,161
3.1528292077952225,1,3.044517258756096,1.0,1.0,1.0,2.575214606572569,161
3.153043014670691,1,3.074444749219319,1.0,1.0,1.0,2.4951069115078743,161
3.1531288258838557,1,3.1744941187694486,1.0,0.0,,,161
3.153594746598574,1,3.182007270532081,1.0,1.0,1.0,2.6832554479287523,161
3.153611471723132,1,3.1666193258416815,1.0,1.0,1.0,2.6460458979778276,161
3.153699646396355,1,3.192898101172373,1.0,0.0,,,161
3.153703562791797,1,3.080348335420921,0.0,,,,161
3.1537120313973883,1,3.1641450359987235,1.0,1.0,1.0,2.7016644974727457,161
3.1537270379425117,1,3.2210850811481864,1.0,1.0,1.0,2.7362102945457,161
3.153748131821495,1,3.1339019772980783,0.0,,,,161
3.1537512630455735,1,3.0909642645312907,1.0,0.0,,,161
3.1539841045032975,1,3.1827297506421646,0.0,,,,161
3.1540321804616047,1,3.1998922426834664,1.0,0.0,,,161
3.154046904646634,1,3.2019245718553195,1.0,0.0,,,161
3.1541698030183856,1,3.278281447181536,0.0,,,,161
3.1544171887571575,1,3.2779687371870407,1.0,0.0,,,161
3.1545732524703944,1,3.034314175042685,1.0,1.0,1.0,2.5487083877892616,161
3.1546430958065517,1,3.188087266470707,1.0,1.0,1.0,2.469814212588406,161
3.1546553546393423,1,3.24278264864588,1.0,0.0,,,161
3.1547330290605,1,3.198193773799312,1.0,1.0,1.0,2.8736261472184865,161
3.154916780317369,1,3.194891129934351,1.0,0.0,,,161
3.1551072181870445,1,3.310859785616593,1.0,1.0,1.0,2.561076751873173,161
3.1551889780986766,1,3.070881265303677,1.0,1.0,0.0,,161
3.155276920125118,1,3.1996518266149083,0.0,,,,161
3.155349420021323,1,3.1735381171962236,0.0,,,,161
3.1553943249591136,1,3.300976901421485,1.0,0.0,,,161
3.155460285436107,1,3.1193641022262626,1.0,0.0,,,161
3.155615549053509,1,3.1934132960459922,0.0,,,,161
3.1557675190594323,1,3.2693620842753144,1.0,0.0,,,161
3.1559684091101303,1,3.197488410882554,1.0,1.0,1.0,2.497218094369281,161
3.1559933395620057,1,3.142920819025814,1.0,0.0,,,161
3.156001995939223,1,3.2688854078499716,1.0,0.0,,,161
3.156329883613246,1,3.085956210519224,1.0,1.0,1.0,2.776583117481675,161
3.156350882638363,1,3.082444661540819,1.0,1.0,1.0,2.5592634498130584,161
3.156397691674495,1,3.1581714471351607,1.0,0.0,,,161
3.156400916133966,1,3.049984420125528,0.0,,,,161
3.157055445116138,1,3.1062493332575563,1.0,1.0,1.0,2.6400512539346366,161
3.157190146298631,1,3.1735930404563097,0.0,,,,161
3.1571987840232887,1,3.23064502007419,1.0,0.0,,,161
3.15728365170151,1,3.1848602739573506,1.0,1.0,1.0,2.5865986957987697,161
3.1576665069751857,1,3.250737001218488,0.0,,,,161
3.1577339090610064,0,,,,,,161
3.157753720985793,1,3.1035534762434924,1.0,0.0,,,161
3.157851304345187,1,3.167553415123704,1.0,0.0,,,161
3.1582194440823788,1,3.2870132361820383,1.0,0.0,,,161
3.1585345667896676,1,3.231657150583326,1.0,1.0,1.0,2.4600527941479786,161
3.1585448530678653,1,3.130238123515881,1.0,0.0,,,161
3.158660967427725,1,3.2528683726030216,0.0,,,,161
3.1587417458064047,0,,,,,,161
3.1587990031963584,1,3.1145274750558327,0.0,,,,161
3.1588523345927797,1,3.1398702469546818,0.0,,,,161
3.158913046877135,1,3.1558648092600845,0.0,,,,161
3.158983743890339,1,3.141539033883883,0.0,,,,161
3.1589958012888086,1,3.2583785699129226,1.0,1.0,1.0,2.510059848138706,161
3.1592124714467835,1,2.990972753782232,1.0,1.0,1.0,2.7575479900131334,161
3.159316390706441,1,3.042358365138534,0.0,,,,161
3.159405835709954,1,3.13444400366951,1.0,1.0,1.0,2.4568719827303007,161
3.1594316325739205,1,3.248195565258886,1.0,1.0,1.0,2.645306857892997,161
3.1595424924171067,1,3.186479936430388,0.0,,,,161
3.1595776575430348,1,3.033337559353043,1.0,1.0,1.0,2.665151483262127,161
3.159718220382253,1,3.19800663071558,1.0,0.0,,,161
3.1597211598725403,1,3.090531018892515,0.0,,,,161
3.159885493513195,1,3.3259744657943715,0.0,,,,161
3.16009651431541,1,3.2079615210386168,0.0,,,,161
3.1602515146437375,1,3.037310717640145,1.0,1.0,0.0,,161
3.1604493708729797,0,,,,,,161
3.1605301546896265,1,3.174300483370064,1.0,0.0,,,161
3.1605582883952206,1,3.232235844995418,1.0,1.0,1.0,2.627174294637812,161
3.1605986043864616,1,3.1252926277115756,0.0,,,,161
3.160839837222009,1,3.0429493966539454,0.0,,,,161
3.160875548087546,1,2.983934481010997,1.0,0.0,,,161
3.161010278794088,1,3.1459651369032966,1.0,1.0,1.0,2.5073471218647247,161
3.1617313071531816,1,3.289615632366719,1.0,1.0,1.0,2.6021115167861715,161
3.161743445493832,1,3.125787727996617,1.0,1.0,0.0,,161
3.1617682238660785,1,3.1307262300738006,1.0,1.0,1.0,2.6696183769164104,161
3.162348714937423,1,3.1466234435611726,1.0,0.0,,,161
3.1624109724397345,1,3.1724162498165183,1.0,0.0,,,161
3.1624321245475975,1,3.2214018076181365,1.0,1.0,0.0,,161
3.162509042201957,1,3.226161496462177,1.0,0.0,,,161
3.1625673227426523,1,3.0792667778129488,0.0,,,,161
3.162697589453472,1,3.312183687483621,1.0,0.0,,,161
3.162731749015093,1,3.158320959746673,1.0,1.0,1.0,2.457751533703885,161
3.162808698210101,1,3.1421005554369765,1.0,0.0,,,161
3.1628132396201964,1,3.190413448655479,1.0,1.0,1.0,2.774940460793805,161
3.162859517360951,1,3.1206259012885638,0.0,,,,161
3.1628888386625356,1,3.4269421226577075,0.0,,,,161
3.163007026054254,1,3.1404024277338105,1.0,1.0,1.0,2.461252396675402,161
3.1630374530381866,1,3.169300085470171,1.0,1.0,1.0,2.7684808722914305,161
3.1632160163295078,1,3.173406981455001,1.0,1.0,0.0,,161
3.163443356373173,1,3.219656507488217,0.0,,,,161
3.1634475755787643,1,3.182894066951265,1.0,1.0,1.0,2.82808931126749,161
3.163781621171766,1,3.197968393738156,1.0,0.0,,,161
3.163892542579673,1,3.2469813742600233,0.0,,,,161
3.1639755396142144,1,3.209446774708527,0.0,,,,161
3.1640359075849895,1,3.2821890177674007,1.0,1.0,1.0,2.6576598514125678,161
3.1640498557112213,1,3.1843055859064675,1.0,1.0,1.0,2.502160816391085,161
3.1644510302476014,1,3.1607681765351803,0.0,,,,161
3.1645510569391155,1,3.1581946734717725,0.0,,,,161
3.1646358300806345,1,3.10618152620394,0.0,,,,161
3.1646685818109086,1,3.1502423038189757,1.0,1.0,1.0,2.886819122776152,161
3.164853287444543,1,3.2020785461930936,1.0,0.0,,,161
3.1649065925335758,1,3.1613149246622205,0.0,,,,161
3.1649408990475267,1,3.3129505395601453,1.0,1.0,1.0,2.763537958090456,161
3.164968210383975,1,3.093905560323074,1.0,1.0,1.0,2.44357503294723,161
3.165052843871201,1,3.096552960762719,1.0,1.0,1.0,2.6850835817922563,161
3.1650600934593442,1,3.1823431870133794,1.0,0.0,,,161
3.1652832789042264,0,,,,,,161
3.1652855621658715,1,3.181024576423302,1.0,1.0,0.0,,161
3.1653228605826644,1,3.1991532156307194,1.0,0.0,,,161
3.165343034277162,1,3.2028213381202644,0.0,,,,161
3.1653591334854334,1,3.1192093514492663,0.0,,,,161
3.1655079115261526,1,3.1129832799230823,1.0,1.0,1.0,2.6450839849743017,161
3.1656265211241275,0,,,,,,161
3.1657134292183553,1,3.163454443982134,0.0,,,,161
3.1658044066439355,1,3.311898151479014,1.0,0.0,,,161
3.1658872697979947,1,3.1088189908036785,0.0,,,,161
3.1661452809034487,0,,,,,,161
3.166354264851539,1,3.153445778520272,1.0,0.0,,,161
3.1664917816733267,1,3.133738157258403,1.0,0.0,,,161
3.1665847574267656,1,3.2493520578872683,1.0,1.0,0.0,,161
3.166863352314447,1,3.1161903582717305,0.0,,,,161
3.1670166916993865,0,,,,,,161
3.1670256230261726,1,3.041422552541041,0.0,,,,161
3.167071794585587,1,3.222811047326377,1.0,0.0,,,161
3.167098407012781,1,3.0768399590829265,1.0,1.0,1.0,2.6638228023859662,161
3.1672057913215106,1,3.2605351757602756,1.0,0.0,,,161
3.167241261835253,1,3.2599605154666467,1.0,1.0,1.0,2.9469629712740906,161
3.1672707287419493,1,3.246860770467131,1.0,1.0,1.0,2.623650433146379,161
3.1672736959536754,1,3.188604199133705,1.0,0.0,,,161
3.167299789539732,1,3.2399674891547865,1.0,0.0,,,161
3.167374405639863,1,3.3161852464953965,1.0,1.0,1.0,2.6692611839840255,161
3.167439046730744,1,3.208088242081466,1.0,0.0,,,161
3.167565440723213,1,3.1502156684297864,1.0,1.0,1.0,2.7350173593277183,161
3.16756748394779,1,3.2841417469484364,0.0,,,,161
3.1680409906053084,1,3.322257996979434,1.0,0.0,,,161
3.168635449041847,1,3.174239344659833,0.0,,,,161
3.168661177244229,1,3.167381066638685,1.0,0.0,,,161
3.1687242034568865,1,3.1082522617334183,1.0,0.0,,,161
3.168728278257745,1,3.0706569273116604,0.0,,,,161
3.1690167749892857,1,3.1738747483051375,0.0,,,,161
3.169065897482072,1,3.192171880512932,1.0,1.0,0.0,,161
3.169079358167923,1,3.1878687085215853,1.0,0.0,,,161
3.169280469512777,1,3.0810836782548603,1.0,0.0,,,161
3.1692938898234218,1,3.225732100912344,1.0,1.0,1.0,2.577199831551989,161
3.169376887444657,1,3.1338709433888376,1.0,1.0,1.0,2.7248771840154697,161
3.1695246434759765,1,3.278985385856223,1.0,0.0,,,161
3.16961478952411,0,,,,,,161
3.1697916639261057,1,3.254354456903985,1.0,1.0,0.0,,161
3.169844323998803,1,3.201277575914391,1.0,1.0,1.0,3.08888622686662,161
3.169876712998581,1,3.0964970511919128,1.0,0.0,,,161
3.1702566327354567,1,3.191995206799265,1.0,1.0,1.0,2.7617249523424934,161
3.1702605479175237,1,3.033864713839447,1.0,1.0,1.0,2.652395290544149,161
3.1703344931328483,1,3.1671995152923094,0.0,,,,161
3.17039465195117,1,3.2336382305906226,1.0,0.0,,,161
3.1704979192293408,1,3.212871849490592,1.0,1.0,1.0,2.589256163032413,161
3.1705361265938845,0,,,,,,161
3.1709775141280567,0,,,,,,161
3.1711087241643874,0,,,,,,161
3.1712948264755734,1,3.3243287630424603,1.0,0.0,,,161
3.1715017596170947,1,3.1242216201458337,1.0,1.0,1.0,2.680342620683886,161
3.171533444288722,1,3.091114327197628,1.0,1.0,1.0,2.5855910794312797,161
3.171965669087199,1,3.182774404082911,1.0,1.0,0.0,,161
3.172268743543516,1,3.107651787185434,1.0,0.0,,,161
3.172276333986089,1,3.309153565377251,1.0,1.0,1.0,2.5392017666849784,161
3.172325308789289,1,3.197108361103812,1.0,1.0,0.0,,161
3.172685846482511,1,3.1880276154190126,1.0,0.0,,,161
3.1727339942709407,0,,,,,,161
3.172797064662973,1,2.9992955707941005,1.0,0.0,,,161
3.1735157667903473,1,3.094969516071321,1.0,0.0,,,161
3.1735958495869454,1,3.130347882148601,0.0,,,,161
3.173700497104662,1,3.1531077523845195,1.0,1.0,1.0,2.967322296190977,161
3.1738370676755925,1,3.2826142113069428,0.0,,,,161
3.174205526034218,0,,,,,,161
3.174333238558097,0,,,,,,161
3.174602377694537,1,3.1796986043999564,0.0,,,,161
3.1747817132285236,1,3.0680047109253827,1.0,0.0,,,161
3.1748109676330065,1,3.284166985205926,1.0,0.0,,,161
3.1748935931823157,1,3.198695735019507,0.0,,,,161
3.174903711528535,1,3.2393869517513942,1.0,1.0,1.0,2.696527063004917,161
3.1750435253273612,0,,,,,,161
3.1750490240607276,1,3.173097971352646,1.0,0.0,,,161
3.1754838716374847,1,3.1619268597435495,1.0,0.0,,,161
3.1754929578912363,1,3.1427386051322466,1.0,1.0,1.0,2.7064901569706374,161
3.1755529030872927,1,3.215213090936204,0.0,,,,161
3.1757567303317917,1,3.0924955809262418,0.0,,,,161
3.1762173297862595,1,3.180176727829312,0.0,,,,161
3.176259831823917,1,3.097367476929678,1.0,0.0,,,161
3.1762774008287944,1,3.1444569197424173,1.0,1.0,0.0,,161
3.176649777264726,1,3.1619749105730106,0.0,,,,161
3.1768635702002017,1,3.3445044328042073,1.0,0.0,,,161
3.1770354379720023,1,3.2073198645184213,0.0,,,,161
3.1775142032688652,1,3.2595543250306247,1.0,0.0,,,161
3.1777353771880557,1,3.1817633829990215,1.0,1.0,1.0,2.4842453982372126,161
3.177789596749435,0,,,,,,161
3.1777995840927056,1,3.112894212267946,1.0,1.0,1.0,2.7432781839829197,161
3.177909426024635,1,3.192820332603376,1.0,0.0,,,161
3.1780785097916784,1,3.2934749958336442,0.0,,,,161
3.178186746410086,1,3.1587544098772056,0.0,,,,161
3.1783175126652186,1,3.107088405877867,0.0,,,,161
3.178329183501895,1,3.2867723716269057,0.0,,,,161
3.178622258527469,1,3.1911105925236556,0.0,,,,161
3.178669461667395,1,3.1558446866300867,1.0,1.0,1.0,2.507023415117693,161
3.178695023728476,1,3.177828909809545,1.0,1.0,1.0,2.871263141111801,161
3.178927183441341,1,3.237410311447445,1.0,1.0,1.0,2.7743879414254096,161
3.17912567965799,0,,,,,,161
3.179140503759942,1,3.040479291945964,1.0,1.0,1.0,2.6550996176307624,161
3.179392658840168,1,3.2269872399748167,1.0,0.0,,,161
3.179651820951128,1,3.099284212701059,1.0,0.0,,,161
3.179759219860378,1,3.302263599265054,0.0,,,,161
3.179779438398191,1,3.156990045770688,1.0,0.0,,,161
3.1799267929378634,1,3.1364732630181176,1.0,1.0,1.0,2.699750994248782,161
3.179964199959123,1,3.312721994926463,1.0,0.0,,,161
3.179969654526571,0,,,,,,161
3.179972316499813,1,3.21091636954071,0.0,,,,161
3.180158661699819,1,3.1869274523798765,1.0,0.0,,,161
3.1802365195912667,1,3.145098228239322,1.0,0.0,,,161
3.1804739010134355,1,3.1911898922141275,0.0,,,,161
3.1805810068594718,1,3.200693725221997,1.0,1.0,0.0,,161
3.1807617067219365,1,3.1786166393134687,1.0,1.0,1.0,2.6132556964607967,161
3.1807846135486226,1,3.2511705903976997,1.0,0.0,,,161
3.181347095403338,1,3.0879616378930086,0.0,,,,161
3.1814345681108933,1,3.097270939520827,1.0,0.0,,,161
3.181610216635521,1,3.066096137179663,0.0,,,,161
3.1816970887462195,1,3.2646831472894435,0.0,,,,161
3.1817140189061295,1,3.269636106128971,0.0,,,,161
3.1817828245020108,1,3.1220195301077127,1.0,1.0,1.0,2.465761024272748,161
3.181811332949586,1,3.1616524585957384,1.0,1.0,1.0,2.581096608144706,161
3.182139962539255,1,3.132382613708337,1.0,0.0,,,161
3.1821784926047108,1,3.199774640625225,0.0,,,,161
3.1825524892431867,1,3.1759656306094586,1.0,0.0,,,161
3.182919195146007,1,3.180013054856403,1.0,0.0,,,161
3.182999802630293,1,3.1491424972975155,1.0,0.0,,,161
3.183109668273923,1,3.222041015138581,0.0,,,,161
3.1833051428757573,1,3.208884373981437,1.0,1.0,1.0,2.717425250823572,161
3.1833309221216624,1,3.228362854282353,1.0,1.0,1.0,2.733335642047208,161
3.183403716890629,0,,,,,,161
3.1834175770657795,1,3.2726675088250663,0.0,,,,161
3.183530969947606,1,3.3070368322671717,0.0,,,,161
3.1839702790044746,1,3.1369308796992654,1.0,0.0,,,161
3.1841104068440793,1,3.1249647718338305,0.0,,,,161
3.184385435096736,1,3.241445074393388,0.0,,,,161
3.1845063277624694,1,3.098341075897938,1.0,0.0,,,161
3.184508139792284,0,,,,,,161
3.184658047546402,1,3.2200793538699966,0.0,,,,161
3.1849997580029794,1,3.190349487032135,1.0,1.0,1.0,2.636853189290537,161
3.185100923173356,0,,,,,,161
3.185106379541897,1,3.1642264472467736,0.0,,,,161
3.185148753814674,1,3.2493316340461265,1.0,1.0,1.0,2.567385693236558,161
3.185248190939369,1,3.233985097081822,0.0,,,,161
3.1852680735506556,0,,,,,,161
3.1853180653593425,1,3.03492489525167,0.0,,,,161
3.185580471873425,1,3.147559271575996,0.0,,,,161
3.185935890726814,1,3.276678272836354,1.0,1.0,0.0,,161
3.1859968354708172,0,,,,,,161
3.1862736087660117,1,3.162601309652668,1.0,1.0,1.0,2.6357771609349236,161
3.1863960942519625,1,3.0236488256154908,1.0,0.0,,,161
3.186464794303875,1,3.291585536272179,1.0,0.0,,,161
3.186618700773464,0,,,,,,161
3.1866932452901344,1,3.157946809851891,1.0,1.0,0.0,,161
3.1869402960267763,1,3.193066398794733,1.0,1.0,1.0,2.5133752681820987,161
3.187577958565323,1,3.085176186116151,1.0,1.0,1.0,2.660114318881508,161
3.187861884833172,0,,,,,,161
3.1878974165759555,1,2.9866227949469675,1.0,1.0,1.0,2.494528591562768,161
3.188262282921591,1,3.0286973979707774,1.0,0.0,,,161
3.1882670983237267,1,3.1273715177511354,0.0,,,,161
3.1883172724122257,1,3.1457680630138776,1.0,1.0,1.0,2.7779533186811474,161
3.188959459571878,1,3.121263826338055,0.0,,,,161
3.1892520370226416,1,3.1141879038335776,1.0,1.0,1.0,2.4770447660835817,161
3.1892592247223948,1,3.1205592136174145,1.0,1.0,0.0,,161
3.1894966453081715,0,,,,,,161
3.189769050737052,1,3.1093551966359536,1.0,0.0,,,161
3.189990908939017,1,3.2427032423836764,1.0,1.0,1.0,2.7673635673982395,161
3.1900212546901456,1,3.010381075925892,1.0,0.0,,,161
3.1901343750396336,1,3.1024164482775616,0.0,,,,161
3.1905449147758893,1,3.1877313653921395,1.0,0.0,,,161
3.1909153686039455,1,3.2261797950581474,1.0,1.0,1.0,2.7377715234086066,161
3.1909533068166263,1,3.2025007965932812,0.0,,,,161
3.1910746550211093,1,3.319334236829574,1.0,1.0,1.0,2.4542780018925643,161
3.1911951956118414,1,3.23012585356405,1.0,0.0,,,161
3.191244923293985,1,3.2044231231282336,0.0,,,,161
3.1913428078071457,1,3.060414500256929,1.0,1.0,1.0,2.496848933861435,161
3.1913621303312065,1,3.1680043991549782,1.0,1.0,1.0,2.630891182067744,161
3.1916215145687117,1,3.2468040290653177,1.0,0.0,,,161
3.191728922977296,1,3.2143841648635183,1.0,1.0,1.0,2.5722654773538878,161
3.1918223612157512,1,3.05593048370378,0.0,,,,161
3.1918647911770326,1,3.208519046158685,1.0,0.0,,,161
3.19209792631073,1,3.1952477217190367,1.0,1.0,0.0,,161
3.192157849922388,1,3.169226897085617,1.0,1.0,1.0,2.5742266007834584,161
3.192510712977368,1,3.1818419087266223,1.0,0.0,,,161
3.1927836633786213,1,3.053493610758758,0.0,,,,161
3.1928460344244263,1,3.201682579366743,1.0,0.0,,,161
3.192958395088459,1,3.328279295988078,1.0,1.0,1.0,2.5309451537059515,161
3.193160797741363,1,3.1792160845727873,1.0,1.0,1.0,2.540185170309846,161
3.1933732174823275,1,3.192514012355519,1.0,1.0,1.0,2.752159970332698,161
3.1935802669680218,1,3.2546104041162223,0.0,,,,161
3.193621722560986,1,3.1981550266418135,1.0,1.0,1.0,2.514956393418797,161
3.193666562550101,1,3.1040306498128154,1.0,0.0,,,161
3.1937578118332186,1,3.257238770152249,1.0,0.0,,,161
3.194145715821109,1,3.119590623703123,1.0,0.0,,,161
3.1943626393152815,1,3.2765604271082878,0.0,,,,161
3.19455544020204,1,3.094000637989757,1.0,0.0,,,161
3.194839833993257,1,3.177715114180894,1.0,0.0,,,161
3.194937035671257,1,3.256632567011137,0.0,,,,161
3.1949903872194323,1,3.3417359309016956,0.0,,,,161
3.195117817636886,1,3.170291019318423,1.0,0.0,,,161
3.1953157957138925,1,3.246199139412785,1.0,1.0,1.0,2.647899347954952,161
3.195577602368158,1,3.087096775357155,1.0,1.0,1.0,2.6596651085165885,161
3.1958505194650546,1,3.2255232311667776,1.0,0.0,,,161
3.1961028224108547,1,3.118984418408287,0.0,,,,161
3.1965307755379126,1,3.3760638737998363,1.0,0.0,,,161
3.196648031806588,1,3.164136093027957,1.0,1.0,1.0,2.550716803693761,161
3.1968154913148648,1,3.088330537401038,0.0,,,,161
3.1970047550874736,1,3.1906749578829006,0.0,,,,161
3.1972869983682983,1,3.3396190348593335,1.0,1.0,1.0,2.702405455038821,161
3.1973262601159482,1,2.991157195709646,1.0,0.0,,,161
3.197611047525208,1,3.2377122840184764,0.0,,,,161
3.1976593642954936,1,3.159997825383373,1.0,0.0,,,161
3.1978324107552334,1,3.186255365514807,1.0,0.0,,,161
3.1979374637629605,1,3.1038182326246084,0.0,,,,161
3.198083376465287,1,3.2077063939020345,0.0,,,,161
3.1981517276360987,1,3.2294435351453377,0.0,,,,161
3.198197668226768,1,3.17805473734416,1.0,1.0,1.0,2.6651606927945535,161
3.1983188774907467,1,3.1377362647259766,0.0,,,,161
3.1983208845834383,1,3.228844622772926,1.0,1.0,1.0,2.5753503087024017,161
3.198328617619098,1,3.2074991112721034,0.0,,,,161
3.1983626360120923,1,3.1836047826259652,0.0,,,,161
3.1984690794380484,1,3.1511250387819163,0.0,,,,161
3.1985210492690226,1,3.2524696316452784,1.0,1.0,1.0,2.7994661143061275,161
3.198639553553855,1,3.09936003875657,1.0,0.0,,,161
3.1986578547709903,1,3.3142473184244663,1.0,0.0,,,161
3.1987479710749533,1,3.0693590473692813,1.0,1.0,1.0,2.6800638708719906,161
3.1991623016081565,1,3.16835784468695,1.0,0.0,,,161
3.199427571117637,1,3.208297134981007,1.0,0.0,,,161
3.1995384950335435,1,3.239551565562777,1.0,0.0,,,161
3.1995467037223415,1,3.2584832334968175,1.0,1.0,1.0,2.6823170000661896,161
3.1998614701288157,1,3.2084007395989955,1.0,0.0,,,161
3.2000489904004126,1,3.2435576200007485,1.0,0.0,,,161
3.2002386745888796,1,3.1355845735763324,0.0,,,,161
3.2003946797755947,1,3.216933421069425,1.0,0.0,,,161
3.2005435181569317,1,3.249733100533315,1.0,0.0,,,161
3.2008855294841023,0,,,,,,161
3.2010344956084555,0,,,,,,161
3.2012740021806905,1,3.281726551885181,1.0,0.0,,,161
3.2015733045059345,1,3.047280263214358,1.0,1.0,1.0,2.646400458083512,161
3.201726642699361,1,3.1459532467918074,1.0,0.0,,,161
3.2017976963459396,1,3.1706941862987286,0.0,,,,161
3.20180848979126,1,3.1568347912618533,0.0,,,,161
3.20195329712984,1,3.2972832480464245,1.0,1.0,1.0,2.4432241934764285,161
3.2020132093733107,1,3.0722865851389116,0.0,,,,161
3.202020826470692,1,3.1892707587559173,0.0,,,,161
3.2021252070943187,1,3.296545082165423,0.0,,,,161
3.202466250782539,1,3.1380248436268166,1.0,1.0,1.0,2.6357833048952846,161
3.202721959593977,1,3.230843807435575,1.0,0.0,,,161
3.2027292436310257,1,3.2263717442659825,1.0,1.0,1.0,2.5074626969256935,161
3.2029572585776145,1,3.2430123732104144,1.0,0.0,,,161
3.2033332666283236,1,3.0642134486633386,1.0,1.0,0.0,,161
3.203386293475936,1,3.222967606043734,0.0,,,,161
3.203412836104921,0,,,,,,161
3.203687503738713,1,3.01891537738084,1.0,1.0,1.0,2.6206331845921573,161
3.203723562086477,1,3.036711937000053,1.0,1.0,1.0,2.8902818893620394,161
3.203814418330499,1,3.0809563120975403,1.0,0.0,,,161
3.2038689816085797,1,3.044820696892831,1.0,0.0,,,161
3.204181461906155,1,3.1589052180770554,1.0,0.0,,,161
3.204359717793102,1,3.078859909096776,1.0,1.0,1.0,2.6545303937956324,161
3.2044412120869614,1,3.1731102285138957,0.0,,,,161
3.204442667001508,1,3.1941219600938067,0.0,,,,161
3.2045601296638475,1,3.3685888244033353,1.0,0.0,,,161
3.2045642150515885,1,3.2087541416478143,1.0,1.0,1.0,2.862670956674838,161
3.204818165228578,0,,,,,,161
3.204908548178437,1,3.2288343847192533,1.0,0.0,,,161
3.20499039258268,1,3.25236645782574,1.0,0.0,,,161
3.205275659888677,1,3.2475255866976456,1.0,1.0,1.0,2.4426915975591905,161
3.20535944785752,0,,,,,,161
3.2055056908039887,1,3.313950020109498,1.0,0.0,,,161
3.2056590276927657,1,3.2620428086297597,1.0,1.0,1.0,2.7135267807762675,161
3.205943721036343,1,3.229592207336385,1.0,1.0,1.0,2.5013118943515193,161
3.206092738712576,1,3.1721205975922193,1.0,1.0,0.0,,161
3.206109057752428,1,3.2051908411468397,1.0,0.0,,,161
3.206297359435765,1,3.2193501572975105,0.0,,,,161
3.2065145475646033,1,3.1416784454309825,1.0,1.0,1.0,2.5715184231120203,161
3.206836562741213,1,3.1611453328663908,1.0,1.0,1.0,2.6711965072597423,161
3.2072152242827787,1,3.162174824722531,1.0,1.0,1.0,2.5648467821155307,161
3.207243849308931,1,3.1791190368577844,1.0,1.0,1.0,2.4701072587779778,161
3.207362639552497,0,,,,,,161
3.2075138762202107,1,3.1704525926124214,0.0,,,,161
3.207641213265714,1,3.056697901751869,0.0,,,,161
3.207720219718809,1,3.168039862342601,0.0,,,,161
3.2079517016067154,1,3.272166369962235,1.0,1.0,1.0,2.8722709781844937,161
3.2081620493771887,1,3.219397165592546,0.0,,,,161
3.208173528667371,1,3.157000685906002,1.0,0.0,,,161
3.2081744168421853,1,3.1382076636139375,1.0,1.0,1.0,2.7162536584743133,161
3.2082300638981045,1,3.2335252840074284,1.0,0.0,,,161
3.208254366747559,1,3.3141080265589085,1.0,0.0,,,161
3.2083094888057206,1,3.2213137893841655,1.0,1.0,1.0,2.535868521076425,161
3.2084797782940004,0,,,,,,161
3.2086089300114407,1,3.1644308771236074,1.0,1.0,1.0,2.4676556672281293,161
3.2086548735151252,1,3.2528340079662366,1.0,1.0,1.0,2.3644717238536757,161
3.208787085484666,1,3.314509152807035,1.0,0.0,,,161
3.209090116196244,1,3.3639335696077177,0.0,,,,161
3.209193799469841,1,3.239216871046078,1.0,1.0,1.0,2.5536804686831203,161
3.2093333435033236,1,3.309414598546181,0.0,,,,161
3.209680328537556,1,3.159519913193607,1.0,0.0,,,161
3.209768932474273,1,3.2522864469295834,1.0,0.0,,,161
3.209948244834171,1,3.371451698909597,1.0,0.0,,,161
3.209960383305793,1,3.241855338100843,1.0,1.0,1.0,2.688560595838967,161
3.2099813223615943,1,3.3619079747038745,1.0,0.0,,,161
3.2100415284863746,1,3.198306432824767,1.0,0.0,,,161
3.2100826038062213,1,3.2659509984453097,0.0,,,,161
3.210084269111516,1,3.1843130139842493,0.0,,,,161
3.210112678172838,1,3.3367563362268666,1.0,1.0,1.0,2.678030386400013,161
3.2101847857178494,1,3.1248382998548383,1.0,0.0,,,161
3.210212151866269,1,3.1367212488998684,0.0,,,,161
3.2102199115924295,1,3.140609412575887,1.0,0.0,,,161
3.210238363431342,1,3.1052970284911736,1.0,0.0,,,161
3.2102705122979733,1,3.079224536227446,1.0,0.0,,,161
3.210435321928617,1,3.211029209349123,1.0,1.0,1.0,2.6233222127526714,161
3.2106952502917263,1,3.217357637660793,0.0,,,,161
3.2107041493681523,1,3.2184329965810563,1.0,0.0,,,161
3.2108212146400468,1,3.1334378298599983,0.0,,,,161
3.210869480769818,1,3.0936142296067977,1.0,1.0,0.0,,161
3.2110041411589663,1,3.0948272848381277,1.0,0.0,,,161
3.2111925468141194,1,3.304202188254137,1.0,0.0,,,161
3.211400472877381,1,3.183829660531273,1.0,1.0,1.0,2.551864430711114,161
3.2115701800687737,1,3.098443286946196,1.0,0.0,,,161
3.2116237978192155,1,3.178924621057332,1.0,0.0,,,161
3.211674528945958,1,3.2811521658501377,1.0,0.0,,,161
3.2116967754821926,1,3.0707235647618143,0.0,,,,161
3.2120468663056667,1,3.309904236037789,1.0,0.0,,,161
3.212062468213414,0,,,,,,161
3.2121401877172358,1,3.1165317231462693,0.0,,,,161
3.212690271277873,1,3.184289658683156,1.0,1.0,0.0,,161
3.213064798803491,1,3.3281832740183015,1.0,1.0,1.0,2.777646986966735,161
3.2130726414863395,1,3.0747441078006474,1.0,0.0,,,161
3.2133693521825526,1,2.9974872033389848,1.0,0.0,,,161
3.2134052203756722,1,3.1394759249416078,1.0,1.0,1.0,2.7591999241277723,161
3.213420212676266,1,3.24797384653178,0.0,,,,161
3.2135623797454596,1,3.113370703647807,1.0,1.0,1.0,2.62049706411988,161
3.2138812108781494,0,,,,,,161
3.213915047783129,1,3.1358226800625544,1.0,1.0,0.0,,161
3.2140295775820342,1,3.2390083775740943,1.0,0.0,,,161
3.2141718092749443,1,3.2004195088769123,0.0,,,,161
3.2144016479339426,1,3.214188361594346,1.0,1.0,1.0,2.965711431293154,161
3.2144519525954256,1,3.0708899446965194,1.0,1.0,0.0,,161
3.2145486375777845,1,3.1961465257648376,1.0,0.0,,,161
3.2145560468122802,0,,,,,,161
3.214879211218597,1,3.1437032889096264,0.0,,,,161
3.215007191604347,1,3.2414095955406905,1.0,0.0,,,161
3.2153485647310163,1,3.204295202924266,0.0,,,,161
3.2155872381268367,1,3.139486193353561,1.0,0.0,,,161
3.215801157835811,1,3.155034162434682,1.0,1.0,1.0,2.384467339867358,161
3.215878046039662,1,2.9246080841495634,1.0,0.0,,,161
3.2163448515093953,1,3.095396351560351,0.0,,,,161
3.2164469749721434,1,3.3477337027465865,0.0,,,,161
3.2166087818641476,1,3.127434641543405,1.0,0.0,,,161
3.216610062698374,1,3.2544289668226605,1.0,1.0,1.0,2.8106794899762133,161
3.216749827222784,1,3.320260537087888,1.0,1.0,1.0,2.674438719138473,161
3.2173896256219576,1,3.047854686264873,1.0,1.0,1.0,2.328190968908787,161
3.217602303521545,1,3.2874741381488684,1.0,1.0,1.0,2.6844348544244716,161
3.2178663567501453,1,3.1315886435608546,1.0,0.0,,,161
3.2178943072520725,1,3.2349069528952388,1.0,0.0,,,161
3.2180687606889387,0,,,,,,161
3.2181126780148244,1,3.219154898557383,0.0,,,,161
3.218192417332908,1,3.2547054970467677,1.0,1.0,1.0,2.349154430378649,161
3.218756350026544,1,3.1588143596765597,0.0,,,,161
3.2189974169799376,1,3.094835653491232,1.0,0.0,,,161
3.2192776481473544,1,3.271697106559159,0.0,,,,161
3.219333352201527,1,3.233268067115184,1.0,1.0,0.0,,161
3.2194226924681755,1,3.1951055246516495,1.0,0.0,,,161
3.219427433234934,1,3.2216376369948088,1.0,0.0,,,161
3.219509640236227,1,3.049420529006895,1.0,1.0,0.0,,161
3.219908983720848,0,,,,,,161
3.2199276203731886,1,3.267781547972867,0.0,,,,161
3.220015962715467,0,,,,,,161
3.220346404555242,1,3.218536460892459,1.0,0.0,,,161
3.2203605639018344,1,3.111572121174979,1.0,1.0,1.0,2.4353364840966996,161
3.2203644895769306,1,3.1547094626666348,1.0,1.0,0.0,,161
3.2204648919749848,1,3.319549942222512,1.0,0.0,,,161
3.2205382009343015,1,3.108128302291907,0.0,,,,161
3.2207238602814043,1,3.176230479652145,1.0,1.0,1.0,2.793902630605277,161
3.2208164995988016,1,3.2296493253341834,1.0,1.0,1.0,2.645584210233839,161
3.220911434154022,1,3.1921263052854814,0.0,,,,161
3.2210161597149494,1,3.212713360182797,1.0,1.0,1.0,2.5001625823764444,161
3.2213941782738362,1,3.1535241549835447,1.0,0.0,,,161
3.2214162420586545,1,3.0591095356961007,1.0,0.0,,,161
3.2216062429327548,1,3.136816152810057,0.0,,,,161
3.221626392003567,1,3.189975986299932,1.0,1.0,1.0,2.3510485652581736,161
3.221680532844006,1,3.242138643532615,1.0,0.0,,,161
3.221801191553473,1,3.154772718368286,1.0,1.0,1.0,2.8516284470158686,161
3.2218653650426154,1,3.2334380175475865,1.0,1.0,1.0,2.664614905756983,161
3.221981667817043,1,3.212413528465379,0.0,,,,161
3.2220754630372124,0,,,,,,161
3.2228087238071006,0,,,,,,161
3.22315434119174,1,3.221995854820439,1.0,0.0,,,161
3.2240831887558223,1,3.174284919567604,0.0,,,,161
3.2240919846862965,1,3.225573194973407,1.0,1.0,1.0,2.814386718535402,161
3.224115777652247,1,3.134543511778871,1.0,1.0,1.0,2.7248420187151994,161
3.2242288567368527,1,3.151349299919646,1.0,0.0,,,161
3.2244209777916377,1,3.1074267014031447,1.0,1.0,1.0,2.7906017338165547,161
3.2245491263841664,1,3.0837011885093317,1.0,0.0,,,161
3.224616206684138,1,3.219108876520618,1.0,0.0,,,161
3.2250069835109185,1,3.2890471780124058,1.0,0.0,,,161
3.2251414848369553,1,3.2617598979556424,0.0,,,,161
3.2251447314646815,1,3.2016450562293564,0.0,,,,161
3.2251967929831804,1,3.095798516785037,1.0,0.0,,,161
3.2257409731235223,1,3.227288679389974,0.0,,,,161
3.2257711237406896,1,3.3208509008209273,1.0,1.0,1.0,2.6984619316647223,161
3.2258320566524805,1,3.2727275765536334,1.0,1.0,0.0,,161
3.2260052362802334,0,,,,,,161
3.226010902411007,1,3.0956099374679598,1.0,0.0,,,161
3.226687058486166,1,3.3031246608183307,1.0,0.0,,,161
3.2267032678887757,1,3.229077940315786,0.0,,,,161
3.226743802017532,0,,,,,,161
3.2271663880571744,1,3.341951015865004,1.0,1.0,0.0,,161
3.227272716762623,1,3.2284606854749245,1.0,1.0,1.0,2.5962877512466846,161
3.2272744080081894,0,,,,,,161
3.227480455260442,1,3.378567517527617,1.0,0.0,,,161
3.2281136322753152,1,3.17087937168941,1.0,1.0,1.0,2.582214315457637,161
3.2281666570840635,1,3.1746601527401457,1.0,1.0,1.0,2.657066500803834,161
3.228310096826181,1,3.2896077344078245,0.0,,,,161
3.2283953960603693,1,3.2498201481850457,1.0,1.0,1.0,2.612195323648663,161
3.2284398528425964,1,3.286424347506683,0.0,,,,161
3.228661087778009,1,3.124399911561303,0.0,,,,161
3.2288993688209446,1,3.175036345638485,1.0,0.0,,,161
3.2294027008591497,1,3.2683240480076536,1.0,0.0,,,161
3.2297503390502103,1,3.2394149070587592,1.0,0.0,,,161
3.229794315520003,1,3.2645920090652667,1.0,1.0,1.0,2.7185487564922823,161
3.2300460599836605,1,3.080230650819604,0.0,,,,161
3.230176359331887,1,3.176618343288865,1.0,1.0,1.0,2.6748685114376487,161
3.2303076557226857,1,3.0854648862597296,0.0,,,,161
3.2303159264938075,1,3.2721318955919663,1.0,1.0,1.0,2.7309789427893847,161
3.2305412875765915,1,3.1684726509556893,0.0,,,,161
3.230981088313518,1,3.205509446902451,1.0,0.0,,,161
3.231387884243107,1,3.1415020401824676,1.0,1.0,1.0,2.286161866169198,161
3.2316396751281387,1,3.2077771511974507,1.0,0.0,,,161
3.23177054895223,1,3.1313635135726496,1.0,0.0,,,161
3.2319429263104555,1,3.201115564952427,1.0,0.0,,,161
3.2319579237982135,1,3.0715808559211286,1.0,1.0,1.0,2.673396569267583,161
3.2322548287159885,1,3.359431781254071,1.0,1.0,1.0,2.480164671343851,161
3.232300759395051,0,,,,,,161
3.2325478782309993,1,3.2265636534303974,1.0,1.0,1.0,2.812378242150717,161
3.2326750391187082,1,3.2321200465366204,1.0,0.0,,,161
3.233040685450126,0,,,,,,161
3.2331539575996735,1,3.141463870594143,1.0,0.0,,,161
3.2337782429635564,1,3.1939311411255513,0.0,,,,161
3.233975370398757,1,3.235240010364161,1.0,0.0,,,161
3.2341624682298256,1,3.2258713789182907,0.0,,,,161
3.2342230019527602,1,3.2257012681737707,0.0,,,,161
3.23442834203193,1,3.416103278921122,1.0,0.0,,,161
3.2345550256716553,1,3.2658017686459915,1.0,0.0,,,161
3.234701474943968,1,3.081989227866858,1.0,1.0,1.0,2.793173703675324,161
3.2351626991360893,1,3.215050648222887,1.0,1.0,1.0,2.481656202472326,161
3.2352069327536324,1,3.1324496394835304,1.0,1.0,1.0,2.68887015328583,161
3.235253541232463,1,3.1644161945157583,1.0,1.0,1.0,2.8139345956044433,161
3.235550456695046,1,3.2089920085839547,0.0,,,,161
3.2356089218321293,1,3.3037170366320594,1.0,0.0,,,161
3.2358013115178927,1,3.2894333753506197,1.0,0.0,,,161
3.235886260562263,1,3.1815475511165823,0.0,,,,161
3.2359966477680167,1,3.2794467919207557,1.0,1.0,1.0,2.785911205142708,161
3.236314438614135,1,3.1597915992893655,0.0,,,,161
3.2364022158992483,1,3.2574295329397547,1.0,0.0,,,161
3.236560011860682,1,3.156523901401369,1.0,0.0,,,161
3.2366416222038112,1,3.236312162715094,1.0,0.0,,,161
3.236731183938092,1,3.4221009965510576,1.0,1.0,1.0,2.529347979380006,161
3.2367375652781893,1,3.21223693107941,1.0,0.0,,,161
3.2367914183368405,1,3.188397844711995,0.0,,,,161
3.2368382292778253,1,3.217527097296123,0.0,,,,161
3.2369845955847234,1,3.084520195461098,1.0,1.0,1.0,2.7081938002024235,161
3.237002939278339,1,3.20363670214959,0.0,,,,161
3.2371025404197837,1,3.2259249204043163,1.0,0.0,,,161
3.237239598267052,1,3.226654558956405,1.0,0.0,,,161
3.237297900561188,1,3.152396955600499,1.0,0.0,,,161
3.2373232855184813,1,3.167510361846853,1.0,0.0,,,161
3.2373371621163827,1,3.16265039021148,1.0,0.0,,,161
3.237512014134612,1,3.327432869075095,1.0,1.0,1.0,2.544449795367003,161
3.2375580810587334,1,3.2325508627912494,1.0,0.0,,,161
3.2375823611142183,1,3.280350126931488,1.0,1.0,1.0,2.646776370753473,161
3.2376378640161967,1,3.24290785572687,1.0,1.0,1.0,2.6456016619187483,161
3.2376392648793537,1,3.120236364253961,1.0,1.0,1.0,2.8389868221732715,161
3.2376914414875415,1,3.17476756555354,1.0,0.0,,,161
3.237924408379106,1,3.1615465148110906,1.0,0.0,,,161
3.2380581188715634,1,3.3855805880423437,1.0,0.0,,,161
3.238125937779263,1,3.0588947102391977,0.0,,,,161
3.23818983174865,1,3.1505080049517105,0.0,,,,161
3.2385502670911053,1,3.159884187277126,1.0,1.0,1.0,2.680756065379405,161
3.238558787417691,1,3.236493629866314,1.0,1.0,1.0,2.550237941658838,161
3.238841936466486,1,3.1920569654486477,1.0,0.0,,,161
3.238925549567211,1,3.2397725801743085,0.0,,,,161
3.239148921902646,1,3.108318812483124,0.0,,,,161
3.239282153330774,1,3.1892971302883257,0.0,,,,161
3.239337736327246,1,3.032773268752989,1.0,1.0,1.0,2.733488513600614,161
3.23963521604453,1,3.1482229123585403,1.0,1.0,1.0,2.883734506299727,161
3.2396384828019524,1,3.1632946755974785,1.0,0.0,,,161
3.239719192221802,1,3.0811317070478745,1.0,0.0,,,161
3.2398452115899543,0,,,,,,161
3.2398907907101115,1,3.107031997687795,0.0,,,,161
3.239968897270494,1,3.1415354849867603,1.0,1.0,1.0,2.8050455685119395,161
3.2403073680895127,1,3.058266887627855,1.0,1.0,1.0,2.85162114327957,161
3.240361638378084,0,,,,,,161
3.2404167824208203,0,,,,,,161
3.2406241004870977,1,3.175427604694835,0.0,,,,161
3.241180586999491,1,3.102338802432996,0.0,,,,161
3.241188403417596,1,3.201941326540952,1.0,1.0,1.0,2.7039667153345643,161
3.241222268018631,1,3.166755985010618,0.0,,,,161
3.2417468343511864,0,,,,,,161
3.241965952751011,1,3.3102444423127038,0.0,,,,161
3.242067017365885,1,3.1334555745006387,1.0,0.0,,,161
3.2421149978307438,1,3.2230515641018362,0.0,,,,161
3.2423151973830837,0,,,,,,161
3.242665054945846,1,3.3378507734238814,1.0,0.0,,,161
3.242960759037988,0,,,,,,161
3.24297429244529,1,3.222309085965729,0.0,,,,161
3.243012860289894,1,3.1368667519127653,1.0,0.0,,,161
3.2433088345452816,1,3.2382251829637525,1.0,1.0,1.0,2.584699835902379,161
3.243401189422431,1,3.12355370167339,0.0,,,,161
3.243451357389234,1,3.2513137039579085,1.0,0.0,,,161
3.243695375632052,1,3.179428712060983,1.0,0.0,,,161
3.244156975494568,1,3.1136310905680005,1.0,0.0,,,161
3.244221299274339,0,,,,,,161
3.2442625191661985,1,3.339546114987024,1.0,1.0,1.0,2.6252378420731284,161
3.244733674906583,1,3.1705769461399678,1.0,1.0,1.0,2.5531767972174837,161
3.244924805744375,1,3.208792238914867,1.0,1.0,0.0,,161
3.245071163230866,1,3.3577273903699183,1.0,1.0,1.0,2.775987892147814,161
3.2452358780986676,1,3.0759893293496217,1.0,0.0,,,161
3.2456605742812914,1,3.3253667667157707,1.0,1.0,0.0,,161
3.2460045343217505,1,3.193683384632286,0.0,,,,161
3.2461030666449573,1,3.2500080162509466,1.0,1.0,1.0,2.81115374337854,161
3.2462243553930423,1,3.210580303517541,1.0,1.0,1.0,2.543060532774167,161
3.24683878772612,1,3.197725322362554,1.0,0.0,,,161
3.247065141976366,1,3.304592967526778,1.0,0.0,,,161
3.24733167889044,1,3.2667344257145983,0.0,,,,161
3.2473372728580134,1,3.2737481192767577,0.0,,,,161
3.247371976792785,1,3.334968586930407,0.0,,,,161
3.2474546786489706,1,3.2942319983002686,1.0,0.0,,,161
3.2475464788526325,1,3.2798841436935766,0.0,,,,161
3.2482157610337246,0,,,,,,161
3.2483002215315993,1,3.1901845805488396,1.0,0.0,,,161
3.248301938376381,1,3.2454793489146683,0.0,,,,161
3.2483999129713577,1,3.1511783619814135,1.0,1.0,1.0,2.775710154934542,161
3.2484687755580626,1,3.2624711123052523,0.0,,,,161
3.2486651804193247,1,3.1776077560877063,1.0,0.0,,,161
3.2488567875293493,1,3.16313433478955,1.0,0.0,,,161
3.249143245414971,1,3.2262831327108548,1.0,0.0,,,161
3.249198516857311,1,3.376134641630979,0.0,,,,161
3.249297779864148,0,,,,,,161
3.2494212173584307,1,3.1562042295379387,0.0,,,,161
3.2496008408280597,1,3.262388358097871,1.0,1.0,1.0,2.7690946807738253,161
3.2497947636792617,1,3.2325195818042425,1.0,0.0,,,161
3.249880502984296,1,3.1624453128763124,1.0,1.0,1.0,2.537149228136458,161
3.2498983624686555,1,3.2580173426739387,1.0,0.0,,,161
3.249976975661509,1,3.1783210566393896,0.0,,,,161
3.2502536525918817,1,3.2926326490107134,1.0,1.0,1.0,2.4497250263024566,161
3.250388662720948,1,3.2818863447888216,1.0,0.0,,,161
3.2505542740791835,1,3.2786469972054193,1.0,1.0,1.0,2.860665846742231,161
3.2513401436394695,1,3.212246555721068,0.0,,,,161
3.251451661725982,1,3.174311520804158,1.0,0.0,,,161
3.2517603263948165,1,3.1362595619232088,1.0,0.0,,,161
3.251995489372391,1,3.2369709248180203,1.0,0.0,,,161
3.2521665318782245,1,3.2951324404541324,1.0,1.0,1.0,2.6612347903070854,161
3.2524410039550142,1,3.212711624206219,1.0,1.0,1.0,2.809338541279407,161
3.2524645109833594,1,3.2477120710670557,1.0,0.0,,,161
3.252508904203392,0,,,,,,161
3.2527050366472454,1,3.1340968051300444,0.0,,,,161
3.2528626922736716,1,3.4184857525075496,0.0,,,,161
3.252880837721274,1,3.158440488323155,0.0,,,,161
3.2533012591108217,1,3.1966111242603703,1.0,1.0,1.0,2.7786332497608544,161
3.2533103298740644,1,3.248526895145439,1.0,0.0,,,161
3.253359586557572,1,3.282772540432923,1.0,1.0,1.0,2.4409185785921377,161
3.2534649489186083,1,3.2607181742724216,1.0,0.0,,,161
3.253881533999694,1,3.215192460645646,1.0,1.0,1.0,2.578210651562528,161
3.2541393361953626,1,3.0550042852391166,1.0,1.0,1.0,2.687968722527858,161
3.2546428003960473,1,3.143606920805596,1.0,1.0,1.0,2.5542815675355928,161
3.2549903963632345,1,3.248035517083526,0.0,,,,161
3.255022425091871,1,3.1873102136027294,1.0,0.0,,,161
3.255132898262462,1,3.206682391380812,1.0,0.0,,,161
3.2552507897632363,1,3.389825588690984,1.0,0.0,,,161
3.2553675028554565,1,3.270516556177027,1.0,1.0,1.0,2.5546446086068655,161
3.2559651318042717,0,,,,,,161
3.256213098845358,0,,,,,,161
3.256226880598158,1,3.281769711600273,1.0,1.0,0.0,,161
3.256486698850675,1,3.293569179389407,1.0,0.0,,,161
3.2573296398140683,1,3.1843064369085075,1.0,1.0,1.0,2.5476010452399547,161
3.257401337037822,1,3.2596580470054994,1.0,1.0,1.0,2.7480481153779563,161
3.2575267975878965,1,3.187327405062529,1.0,1.0,1.0,2.673251475866868,161
3.2579427879165825,1,3.317650451021238,0.0,,,,161
3.2580445794769153,1,3.1620906264938355,1.0,1.0,1.0,2.5829657306975964,161
3.258054670846944,1,3.1863057746490377,1.0,0.0,,,161
3.258241185016551,1,3.2225196926585733,0.0,,,,161
3.258557162308816,1,3.136923355669373,1.0,0.0,,,161
3.259172793894393,1,3.1908103153116185,1.0,0.0,,,161
3.259451997018986,1,3.208495521094066,1.0,1.0,1.0,2.6408751807024338,161
3.2595550042145183,1,3.2412016514439754,1.0,1.0,1.0,2.5531822862532763,161
3.2601932347965352,1,3.328326122532592,1.0,1.0,1.0,2.6425129656356683,161
3.26025211138958,1,3.2332047475479766,1.0,0.0,,,161
3.2603225267131815,1,3.1071324112954604,1.0,1.0,0.0,,161
3.2605266974200067,1,3.2698898492913515,0.0,,,,161
3.2611239502580314,1,3.2031348386826974,0.0,,,,161
3.2614418941569605,1,3.2496543002549765,1.0,0.0,,,161
3.2614445094359086,1,3.367757586825161,1.0,0.0,,,161
3.2620661021777044,1,3.349451497856339,1.0,0.0,,,161
3.2620796503463088,1,3.285274370190263,1.0,0.0,,,161
3.262139311929927,1,3.2559651060567445,1.0,0.0,,,161
3.2621931639139463,1,3.220747709321121,1.0,0.0,,,161
3.262491739859371,1,3.180559044374428,1.0,1.0,1.0,2.521402240360811,161
3.262525324422358,1,3.0734020879500252,1.0,0.0,,,161
3.2626478462317468,1,3.3551190279402814,0.0,,,,161
3.2629844793695675,1,3.2104390820618436,1.0,0.0,,,161
3.262988604648215,0,,,,,,161
3.263271228408551,1,3.2662673999750216,1.0,0.0,,,161
3.2643716513121968,1,3.1583546548513,1.0,0.0,,,161
3.264992660755175,1,3.3074597994554704,1.0,1.0,1.0,2.706415780357126,161
3.2650262228128986,1,3.234391484927826,1.0,0.0,,,161
3.2655869398388724,1,3.273606982308154,1.0,1.0,1.0,2.680330494007014,161
3.2660444514841114,1,3.321022003945539,1.0,0.0,,,161
3.266631532534419,1,3.3542687390417876,1.0,0.0,,,161
3.266819566569649,1,3.3155295830447407,1.0,0.0,,,161
3.2676645866786185,1,3.29555893552992,1.0,1.0,1.0,2.803810077708862,161
3.268023762597762,1,3.29198023731753,1.0,1.0,1.0,2.7554004081773695,161
3.2682885568708864,0,,,,,,161
3.2686924911789537,1,3.156339313231272,1.0,0.0,,,161
3.268700194377024,1,3.315357916629444,1.0,0.0,,,161
3.268791094973098,0,,,,,,161
3.2688684558903276,1,3.180373903465717,0.0,,,,161
3.2689284330192003,1,3.27214874650834,0.0,,,,161
3.2689530673901124,1,3.268885174671919,1.0,0.0,,,161
3.26976513687582,1,3.2035290279585786,1.0,1.0,1.0,2.9429652437384863,161
3.2699545123638196,1,3.2428093948557395,1.0,1.0,1.0,2.4365100557200483,161
3.270147471102601,1,3.237560478826944,1.0,0.0,,,161
3.2702505933054242,1,3.2987013435483536,1.0,0.0,,,161
3.2703721199994575,1,3.4059682527856507,1.0,0.0,,,161
3.270398080782162,0,,,,,,161
3.2705895133487948,1,3.0795360016378512,1.0,0.0,,,161
3.2714853287803667,1,3.2801135903295218,1.0,1.0,1.0,2.776808381182977,161
3.271519922764929,1,3.2190386849526127,1.0,1.0,1.0,2.7316208928755694,161
3.2715633078949793,1,3.215327213902244,1.0,0.0,,,161
3.2716548789857876,0,,,,,,161
3.2716846053777235,1,3.0155425292559674,1.0,0.0,,,161
3.2717517013441246,1,3.1208973981746033,0.0,,,,161
3.271793276224859,0,,,,,,161
3.2718173349450295,1,3.142004563122957,1.0,0.0,,,161
3.2722373631231765,1,3.3174099998305677,1.0,1.0,1.0,2.741812528018521,161
3.272603058005952,1,3.2670699079654284,1.0,1.0,1.0,2.8211748495927824,161
3.2726050078605393,1,3.3389874196484857,1.0,0.0,,,161
3.272744122089306,1,3.1221463542517065,1.0,1.0,1.0,2.9188523098400028,161
3.272909930487338,0,,,,,,161
3.2731092215651656,1,3.2970725579342073,0.0,,,,161
3.2734278020865157,1,3.1703522538738955,0.0,,,,161
3.2737100504108647,1,3.1436265619038792,1.0,1.0,0.0,,161
3.2737760249792993,1,3.277362114949907,1.0,1.0,1.0,2.7884305662460447,161
3.2747805450072898,1,3.226587259382747,1.0,1.0,1.0,2.6273481158962144,161
3.274889427368393,1,3.2714257189810496,1.0,1.0,0.0,,161
3.275067877964745,1,3.1485530854873445,1.0,1.0,0.0,,161
3.275618378056137,1,3.2974843029861955,1.0,1.0,1.0,2.745663329177764,161
3.275815567903005,1,3.2275417065589136,0.0,,,,161
3.2758542972452944,1,3.3208666813674035,0.0,,,,161
3.275961224054191,1,3.42318688249452,1.0,0.0,,,161
3.2760497925659315,1,3.198495831289033,1.0,1.0,1.0,3.159786731627402,161
3.276438486841662,1,3.245585324955251,0.0,,,,161
3.276451440773105,1,3.3443935539989664,0.0,,,,161
3.276518157740045,1,3.3021484810530106,1.0,0.0,,,161
3.2765816326345045,1,3.070743963709006,1.0,0.0,,,161
3.2766142031160332,1,3.154349909202648,1.0,1.0,1.0,2.67280813436955,161
3.2771288023739564,1,3.2115603373130357,1.0,0.0,,,161
3.277267713768318,1,3.1262441762754705,1.0,0.0,,,161
3.2774295081241824,1,3.163882810656706,1.0,0.0,,,161
3.277812557504682,1,3.251675547134357,0.0,,,,161
3.277854588611067,1,3.203822732408196,0.0,,,,161
3.2779578829551412,1,3.186306106141295,0.0,,,,161
3.2784141013379755,1,3.294331599560057,0.0,,,,161
3.2787283305472243,1,3.291308609990475,1.0,0.0,,,161
3.2792296711838356,1,3.215600684860059,1.0,0.0,,,161
3.280054210478519,1,3.2254178923439207,1.0,1.0,1.0,2.883549688127863,161
3.280339630640578,1,3.1072359321072947,1.0,1.0,0.0,,161
3.2805063289973737,0,,,,,,161
3.2808980926103644,1,3.3623739438463853,1.0,0.0,,,161
3.2809269680174302,1,3.303936630009112,1.0,0.0,,,161
3.281137826439357,1,3.134107468364556,1.0,1.0,0.0,,161
3.281479436063881,1,3.2588050977571568,1.0,1.0,1.0,2.8599993984195775,161
3.281671720807196,0,,,,,,161
3.281750793620723,1,3.3476232938760813,1.0,0.0,,,161
3.2819771504523536,1,3.3725449913601144,1.0,0.0,,,161
3.281997033972202,1,3.1610917169048927,1.0,1.0,1.0,2.717536628806366,161
3.2821097780372734,1,3.2658389228108633,1.0,1.0,0.0,,161
3.2821242514117155,1,2.9767924015787597,0.0,,,,161
3.2822763884356854,1,3.2725905528039396,1.0,1.0,1.0,2.718552253928937,161
3.2823220845511036,1,3.237801958772093,1.0,1.0,1.0,2.768937269435001,161
3.28243105446904,1,3.127700054496853,1.0,1.0,1.0,2.599401433370478,161
3.2825188162218146,1,3.2477076336105464,1.0,0.0,,,161
3.2828344395685782,1,3.31292351815875,1.0,1.0,1.0,2.6892944663523664,161
3.2834716323244226,0,,,,,,161
3.283519477776607,0,,,,,,161
3.2836639797797837,1,3.4091713206647523,1.0,0.0,,,161
3.2836771930783515,1,3.1469903483778676,0.0,,,,161
3.283988831296568,1,3.2789876870203827,1.0,0.0,,,161
3.2840807335825715,1,3.2600885364427334,1.0,0.0,,,161
3.2844250970307964,1,3.298757472513367,1.0,1.0,1.0,2.7385874053996297,161
3.2861913459092937,1,3.2642565546154283,0.0,,,,161
3.2869117544619755,1,3.102577565732502,1.0,0.0,,,161
3.287548489499706,1,3.1966116718826196,0.0,,,,161
3.288310118976008,1,3.244299894632404,1.0,1.0,1.0,2.8996320458004687,161
3.2886879745711384,1,3.221246540889071,0.0,,,,161
3.288710349994487,1,3.2869460079123654,0.0,,,,161
3.288828668889508,1,3.2732743215705775,1.0,0.0,,,161
3.2888294736088697,1,3.2833817929298963,1.0,1.0,1.0,2.6969295039483696,161
3.289072466001979,1,3.241778378584857,1.0,0.0,,,161
3.289124632847047,1,3.408040946072317,0.0,,,,161
3.2891425287959883,1,3.248420262870829,1.0,1.0,1.0,2.907902196460084,161
3.2897815726795963,1,3.18222461528581,1.0,0.0,,,161
3.29021545811148,1,3.250270021432747,0.0,,,,161
3.290924099258666,0,,,,,,161
3.291207070015944,1,3.221595448554066,0.0,,,,161
3.2926853811662196,1,3.2348916366212563,1.0,1.0,1.0,2.571004288478351,161
3.2931861791264985,1,3.4408273597891563,0.0,,,,161
3.293512366149047,0,,,,,,161
3.293529825731077,1,3.301066086137086,1.0,1.0,1.0,2.3543407223958774,161
3.293608309035754,1,3.2466611010275805,1.0,1.0,1.0,2.4458429494479086,161
3.2940062015029454,1,3.257572477481737,1.0,0.0,,,161
3.2940632396303475,1,3.380634371535908,1.0,0.0,,,161
3.294162722315912,1,3.361928322275426,0.0,,,,161
3.2944963788978656,1,3.3381537455900685,1.0,1.0,1.0,2.6088973639661077,161
3.2956310125651465,1,3.297152810800625,1.0,0.0,,,161
3.2958120992538222,0,,,,,,161
3.2961334408165004,1,3.3408621420443465,1.0,1.0,0.0,,161
3.296208726300926,1,3.1298912898001676,1.0,1.0,1.0,2.7234474235364208,161
3.296442334198398,1,3.353800949497731,1.0,0.0,,,161
3.2971449346971333,1,3.2147616380781305,1.0,0.0,,,161
3.297198478820628,1,3.3445240051860607,1.0,1.0,1.0,2.5682032211949934,161
3.297328722852405,1,3.191865893119381,1.0,0.0,,,161
3.2973944385037592,1,3.3283933922700943,1.0,1.0,1.0,2.600259082033441,161
3.29745524663255,1,3.2887288511401067,1.0,0.0,,,161
3.2975351671540607,1,3.2724199422873226,1.0,1.0,1.0,2.6912964078443977,161
3.2980512489260665,1,3.1716993403874616,1.0,1.0,1.0,2.6253759651093325,161
3.298062989641943,1,3.195444933444659,1.0,0.0,,,161
3.2984112660496714,1,3.2093779710308783,0.0,,,,161
3.2990670101871387,1,3.223692016772057,1.0,0.0,,,161
3.2992767815679014,1,3.1649577904469717,1.0,0.0,,,161
3.299650141680623,1,3.1817471371911563,1.0,0.0,,,161
3.300286415143809,0,,,,,,161
3.30058630768978,1,3.1580546170943276,1.0,0.0,,,161
3.3010556342939776,1,3.101042779068604,1.0,1.0,0.0,,161
3.3012037299708443,1,3.3307228688849024,1.0,0.0,,,161
3.301723386488665,1,3.187020766786461,1.0,0.0,,,161
3.30255548920868,1,3.4185063717711626,1.0,1.0,1.0,2.5787484441757065,161
3.302721398002574,1,3.284349066696359,1.0,0.0,,,161
3.3034161662742205,1,3.200164569272621,1.0,1.0,1.0,2.835566004306549,161
3.3039475352913894,1,3.395075176200412,1.0,0.0,,,161
3.3042797668489787,1,3.3168466514255983,1.0,0.0,,,161
3.3044257682756837,1,3.167015255073086,1.0,1.0,1.0,2.519864572343231,161
3.304701672673907,1,3.2448330571621513,1.0,0.0,,,161
3.3047995470857363,1,3.2021881229303215,1.0,1.0,1.0,2.55680926681579,161
3.305037069987236,1,3.304352667601005,0.0,,,,161
3.3057121093393307,1,3.3238475193496986,1.0,0.0,,,161
3.306146052348019,1,3.246985643440206,1.0,1.0,1.0,2.9936239604029997,161
3.307180467218707,1,3.2331898816834124,0.0,,,,161
3.3072187764321606,1,3.333836978187478,0.0,,,,161
3.307730081178642,1,3.2628214453953324,0.0,,,,161
3.3077392630112294,1,3.1856737681973875,0.0,,,,161
3.3086943055630074,1,3.1919281221049385,1.0,0.0,,,161
3.309442355677883,1,3.206881663376946,1.0,1.0,1.0,2.872961293927701,161
3.309568199908938,1,3.1912223425647266,1.0,0.0,,,161
3.3096638438512707,0,,,,,,161
3.3105727790639508,1,3.16132526237086,1.0,1.0,1.0,2.448560902812658,161
3.31079074252354,1,3.1407338307683004,0.0,,,,161
3.311028276169008,1,3.3271696502395307,1.0,0.0,,,161
3.311474059844747,1,3.236108865899027,1.0,1.0,1.0,2.8254046544118707,161
3.311737294245144,1,3.224386583227831,0.0,,,,161
3.3122557504967567,1,3.3334289353475843,1.0,0.0,,,161
3.3124035749199,1,3.2132836524886548,1.0,0.0,,,161
3.3126982019196336,1,3.1802795812556592,1.0,1.0,1.0,2.4526822714988863,161
3.313083878497134,1,3.343664245433788,1.0,1.0,1.0,2.719001320388244,161
3.31329268253075,1,3.373160454202931,1.0,1.0,1.0,2.3732440398680197,161
3.3134126140017877,1,3.1687001846710388,1.0,1.0,1.0,2.8261426431563508,161
3.3134557449018374,1,3.315137491881532,1.0,0.0,,,161
3.3139527248260037,1,3.3371729922607716,1.0,1.0,0.0,,161
3.3153462332525936,1,3.2244627627961666,0.0,,,,161
3.3155202255141294,1,3.2626991438570068,1.0,1.0,1.0,2.6451307939559165,161
3.3160539154619775,1,3.122029807230791,1.0,1.0,1.0,2.8629255500916075,161
3.3163649099163033,1,3.2361421424120294,1.0,1.0,1.0,2.774349200771922,161
3.316411706860089,1,3.4010251905954285,0.0,,,,161
3.3165962834843206,1,3.363994750217851,0.0,,,,161
3.3173188654422967,1,3.3637874661233402,1.0,1.0,1.0,2.8379614260073227,161
3.3177909817433515,1,3.2288242155766533,1.0,1.0,1.0,2.59799402588737,161
3.3181546564652735,1,3.37092180649258,1.0,0.0,,,161
3.318294140285871,1,3.161364861560821,1.0,0.0,,,161
3.3185920012231436,1,3.2847704862391716,1.0,1.0,1.0,3.215177160610735,161
3.319457710656945,1,3.3034323570785507,1.0,1.0,1.0,2.4018277793511613,161
3.3194609317259296,1,3.2060098936929196,0.0,,,,161
3.319706745791803,0,,,,,,161
3.320085372312925,1,3.2342723443401304,1.0,0.0,,,161
3.320556567800703,1,3.2726054028578413,1.0,1.0,1.0,2.587558077705167,161
3.3211384599906224,1,3.2328021448643796,1.0,1.0,0.0,,161
3.3212439521842936,1,3.244396031342348,1.0,0.0,,,161
3.32167535597379,1,3.1432017989954724,1.0,1.0,0.0,,161
3.3220817780261394,1,3.3130355200859403,1.0,0.0,,,161
3.3222283773605876,1,3.2793073302564255,1.0,1.0,1.0,2.6064950915378553,161
3.322839950394807,1,3.226826918518778,1.0,1.0,1.0,2.8658711043108935,161
3.324067146949568,1,3.373188015000818,0.0,,,,161
3.3241530737627474,1,3.200581540253625,1.0,1.0,1.0,2.78687911846314,161
3.324206102451807,1,3.320483125137551,1.0,1.0,1.0,2.694217654657742,161
3.326405394968975,1,3.302477313002349,1.0,0.0,,,161
3.327321855806341,1,3.3052303035353074,1.0,1.0,1.0,2.610810615499402,161
3.327866676780408,1,3.247659390204079,1.0,1.0,1.0,2.476665235335127,161
3.328653074568399,1,3.2651909568781443,1.0,1.0,1.0,2.8712217277675163,161
3.329118541787354,1,3.2865274230050874,1.0,0.0,,,161
3.331751507698423,1,3.2104331254821843,1.0,1.0,1.0,2.729520135535627,161
3.3328722026264783,1,3.341657390182391,1.0,1.0,1.0,2.647567478657625,161
3.3334895974309537,1,3.306921126692082,0.0,,,,161
3.3344319424866673,1,3.1481251699962516,1.0,0.0,,,161
3.3344556227676594,1,3.333533441778782,1.0,0.0,,,161
3.33486876779708,1,3.2048792307677116,1.0,0.0,,,161
3.337724362770375,1,3.308139673402593,1.0,0.0,,,161
3.33908466099783,1,3.259815061052532,1.0,0.0,,,161
3.3393556917878815,1,3.272053033342079,1.0,1.0,0.0,,161
3.3417799741782237,1,3.2024601169560536,1.0,1.0,1.0,2.5213580957971433,161
3.3418869662201978,1,3.191523895885931,1.0,0.0,,,161
3.3420846177228767,1,3.375674382976473,0.0,,,,161
3.342379617301479,1,3.3188479750957462,1.0,0.0,,,161
3.342515029160205,1,3.339395992915318,0.0,,,,161
3.3434759753620984,1,3.3536509265470285,1.0,1.0,1.0,2.572934693084085,161
3.3435093495847505,1,3.414124362135566,1.0,1.0,1.0,2.5157420575272558,161
3.344458000831738,1,3.2058902743825586,1.0,1.0,1.0,2.6768417577866006,161
3.3454262007829425,1,3.0634975975095915,1.0,0.0,,,161
3.345716096839932,1,3.265164678171171,1.0,0.0,,,161
3.346701061606315,1,3.3155369765103675,1.0,0.0,,,161
3.3467531515653746,1,3.147313677873421,1.0,1.0,1.0,2.832080382681701,161
3.347043213020269,1,3.328390400995825,1.0,1.0,1.0,2.975557129831871,161
3.3479698528885975,1,3.268013283507437,1.0,1.0,1.0,2.8634847020965477,161
3.350372559152381,1,3.3717083665818213,1.0,1.0,1.0,2.5416256660848595,161
3.350591500335111,1,3.275258815332551,1.0,1.0,1.0,2.6343879855909833,161
3.3509174731235496,1,3.327126341649238,1.0,1.0,0.0,,161
3.3511098110709963,1,3.1061698305397667,0.0,,,,161
3.3511109754650144,1,3.316945197485616,1.0,1.0,1.0,2.5790014454691823,161
3.351445691302115,1,3.19758667952404,1.0,1.0,1.0,2.633187341279506,161
3.3520957843155594,1,3.3884000990439245,0.0,,,,161
3.3522091700846746,0,,,,,,161
3.352974422464925,1,3.10858060490213,1.0,0.0,,,161
3.354780195034078,1,3.2688819168374357,0.0,,,,161
3.355007945357622,1,3.30830948496936,1.0,0.0,,,161
3.3551541063398274,1,3.25572141549934,1.0,1.0,1.0,2.5000831034416575,161
3.3577297249466724,1,3.3013540687060146,1.0,0.0,,,161
3.364693603802187,1,3.3762740984531883,1.0,0.0,,,161
3.3668664069226057,1,3.23811691787257,1.0,0.0,,,161
3.3682300209138196,1,3.29838467679074,1.0,1.0,0.0,,161
3.36903454947323,1,3.274535064357939,0.0,,,,161
3.3695683765981115,1,3.199067971589344,0.0,,,,161
3.371270789020575,1,3.382767305437006,1.0,1.0,1.0,2.855619037503588,161
3.371574921174518,1,3.1351265071055767,1.0,1.0,1.0,2.9788999761302795,161
3.3721806239603596,1,3.2069494112513977,1.0,0.0,,,161
3.373800819262318,1,3.284529383344464,1.0,1.0,0.0,,161
3.373842163938369,1,3.317945542284725,1.0,0.0,,,161
3.3745576033110205,1,3.285320193352014,0.0,,,,161
3.3758707704075803,1,3.2585578235330876,1.0,1.0,1.0,2.402216990753604,161
3.3775212897421154,1,3.3080295016575074,1.0,0.0,,,161
3.378747223851631,1,3.3973904800531347,1.0,0.0,,,161
3.3789237168254216,1,3.3856294860626868,0.0,,,,161
3.3790555502123403,1,3.1901803217429374,0.0,,,,161
3.3799689598685334,1,3.2090083920537693,1.0,1.0,1.0,2.737703057329634,161
3.3800285493922253,1,3.1882009728207836,1.0,0.0,,,161
3.382739738033356,1,3.3852940499119986,0.0,,,,161
3.3844426917834234,1,3.5580500446802663,1.0,1.0,1.0,2.6595222595491523,161
3.388690312184147,1,3.273551746795714,1.0,0.0,,,161
3.389044521460557,1,3.1523683359503574,1.0,1.0,1.0,2.5964292604108876,161
3.3897604232005434,1,3.271414333012353,0.0,,,,161
3.389856798781782,1,3.3893400199390498,1.0,1.0,1.0,2.769570157028202,161
3.3908365484253227,1,3.261500014496691,1.0,0.0,,,161
3.391448375322393,1,3.20276281917788,1.0,0.0,,,161
3.3917748708781,1,3.3445144756520566,1.0,1.0,1.0,2.987962320430032,161
3.3917868248626792,1,3.3381291174118823,1.0,0.0,,,161
3.3957480223572083,1,3.3253229643334463,1.0,0.0,,,161
3.3978686307418875,1,3.2149851899632034,1.0,0.0,,,161
3.3984445417070543,1,3.3855061660591654,0.0,,,,161
3.4066972644698663,1,3.2599769471127655,0.0,,,,161
3.410590079200698,1,3.403124603421153,0.0,,,,161
3.4180934058825643,1,3.2895590643698633,1.0,0.0,,,161
3.418519391188117,1,3.350161468465905,1.0,0.0,,,161
3.4228721975651686,1,3.3124482009019665,1.0,0.0,,,161
3.426610626101454,1,3.3045595521339983,0.0,,,,161
3.444172284773063,1,3.346400667433938,1.0,0.0,,,161
3.450240523465536,1,3.3770037723887603,1.0,0.0,,,161
3.4547481909761797,1,3.3302877373588546,1.0,1.0,1.0,2.73703586631095,161
3.4554311448441317,1,3.26996129198474,0.0,,,,161
3.4574690413611093,1,3.297702354798826,1.0,0.0,,,161
3.4714193263437045,1,3.28704253485152,0.0,,,,161
3.4787693431485285,1,3.4352588216634414,1.0,0.0,,,161
3.484030253588995,1,3.3416793132650477,1.0,1.0,1.0,2.8627539309942507,161
3.484877660669277,1,3.483061675058804,1.0,0.0,,,161
3.4892516100379907,1,3.4348853108877617,1.0,1.0,1.0,2.846512921103218,161
